


Program Version: FreeWake2018_Omega
fixed wake
steady aerodynamics
Ref. Area   : 0.088500
Aspect Ratio: 4.067797
Alpha       : 10.000000
Beta        : 0.000000
asymmetrical geometry: 0
lifting surface after timestep: 20
elements in span direction: 18
elements in chord direction: 3
no. of wings: 2  first and last span indices of each wing:  0  13  14  17

 index               xo               yo               zo        Nlift_tot        NLift_ind           NY_tot              NYi                A                B                C              eta              xsi               nu          epsilon              psi            phiLE             phi0            phiTE	#
     0 -568.723144031233   0.010000000000 -100.281822602656   0.117012663616  -0.000006598073   0.007503184360  -0.000003993821   0.532236029547  -0.198176758742  -9.908837937119   0.010000000000   0.033138888889   0.000000000000   0.000000000000   0.000000000000  20.276470594225  18.414794859545  16.553119124866
     1 -568.716477364662   0.030000000000 -100.281822602656   0.115524944046   0.000165361808   0.007993317953   0.000592613776   0.524596263831  -0.537069349556  -7.035791603561   0.010000000000   0.032416666667   0.000000000000   0.000000000000   0.000000000000  20.276470594225  18.414794859545  16.553119124866
     2 -568.709810697804   0.050000000000 -100.281822602632   0.110501344093  -0.002145952272   0.005591844481  -0.001634857460   0.511960908811  -0.634431291136   2.167694524563   0.010000000000   0.031694444444   0.000000000000   0.000000000000   0.000000000000  20.276470594225  18.414794859545  16.553119124866
     3 -568.656866253456   0.010000000000 -100.281822602656   0.052968423973  -0.001648071064   0.000016340368  -0.002457032047   0.780777100786  -0.368742128430 -18.437106421493   0.010000000000   0.033138888889   0.000000000000   0.000000000000   0.000000000000  16.553119124866  14.616751308343  12.680383491820
     4 -568.651644031329   0.030000000000 -100.281822602656   0.051740801821  -0.001627205177   0.000003230232  -0.002413602929   0.767175472149  -0.876615085324  -6.956541423238   0.010000000000   0.032416666667   0.000000000000   0.000000000000   0.000000000000  16.553119124866  14.616751308343  12.680383491820
     5 -568.646421808916   0.050000000000 -100.281822602632   0.050157093453  -0.001626251268  -0.000194018687  -0.002539088547   0.747448055708  -1.037376375306  -1.081523075840   0.010000000000   0.031694444444   0.000000000000   0.000000000000   0.000000000000  16.553119124866  14.616751308343  12.680383491820
     6 -568.590588475678   0.010000000000 -100.281822602656   0.029349381887  -0.000890940326   0.000020043943  -0.000970597656   0.918431133045  -0.487555448757 -24.377772437852   0.010000000000   0.033138888889   0.000000000000   0.000000000000   0.000000000000  12.680383491820  10.683369036528   8.686354581237
     7 -568.586810697995   0.030000000000 -100.281822602656   0.028513262124  -0.000894584641  -0.000007678902  -0.000971049469   0.900803386724  -1.087772020494  -5.633056148983   0.010000000000   0.032416666667   0.000000000000   0.000000000000   0.000000000000  12.680383491820  10.683369036528   8.686354581237
     8 -568.583032920027   0.050000000000 -100.281822602632   0.027589097319  -0.000912286394  -0.000070776724  -0.001004452501   0.877062319181  -1.259575201162  -2.957102884423   0.010000000000   0.031694444444   0.000000000000   0.000000000000   0.000000000000  12.680383491820  10.683369036528   8.686354581237
     9 -568.698810697900   0.073333333333 -100.282322602656   0.145004047362  -0.001199840721   0.022117338549   0.000638895258   0.498303457788  -0.537615400641   2.003416842540   0.013342705040   0.030555555556  -2.147585428299   0.000000000000   0.000000000000  32.329248815621  29.818363056026  27.307477296431
    10 -568.683477364567   0.100000000000 -100.283322602656   0.142996165824   0.001210288718   0.026667185392   0.005837780915   0.483777448985  -0.671448692479  -7.018640196389   0.013342705040   0.029000000000  -2.147585428299   0.000000000000   0.000000000000  32.329248815621  29.818363056026  27.307477296431
    11 -568.668144031233   0.126666666667 -100.284322602656   0.135064376526  -0.000230614253   0.025666771881   0.005790927092   0.461452448966  -0.957461232365  -3.699296647510   0.013342705040   0.027444444444  -2.147585428299   0.000000000000   0.000000000000  32.329248815621  29.818363056026  27.307477296431
    12 -568.637699586789   0.073333333333 -100.282322602656   0.064033699076  -0.001730417170   0.002646240935  -0.005001863322   0.722672678378  -1.083506428089  -0.918089367685   0.013342705040   0.030555555556  -2.147585428299   0.000000000000   0.000000000000  27.307477296431  24.547504157964  21.787531019497
    13 -568.625477364567   0.100000000000 -100.283322602656   0.059522775679  -0.001699534488   0.002309788881  -0.004810121455   0.692372156475  -1.242367427046  -5.035013788066   0.013342705040   0.029000000000  -2.147585428299   0.000000000000   0.000000000000  27.307477296431  24.547504157964  21.787531019497
    14 -568.613255142344   0.126666666667 -100.284322602656   0.055511656770  -0.001499953663   0.001721398502  -0.004908824260   0.655825503280  -1.482322413545  -3.956977932666   0.013342705040   0.027444444444  -2.147585428299   0.000000000000   0.000000000000  27.307477296431  24.547504157964  21.787531019497
    15 -568.576588475678   0.073333333333 -100.282322602656   0.035208517903  -0.000975671743   0.001452945269  -0.002023632424   0.846123941778  -1.386418626057  -2.537018056108   0.013342705040   0.030555555556  -2.147585428299   0.000000000000   0.000000000000  21.787531019497  18.798084690907  15.808638362318
    16 -568.567477364567   0.100000000000 -100.283322602656   0.032667915175  -0.000972595246   0.001241936216  -0.001990244724   0.807010646253  -1.568214831532  -4.275551244265   0.013342705040   0.029000000000  -2.147585428299   0.000000000000   0.000000000000  21.787531019497  18.798084690907  15.808638362318
    17 -568.558366253455   0.126666666667 -100.284322602656   0.030211799853  -0.000918490468   0.000998341969  -0.001992656972   0.762007179193  -1.812944428715  -4.895362616689   0.013342705040   0.027444444444  -2.147585428299   0.000000000000   0.000000000000  21.787531019497  18.798084690907  15.808638362318
    18 -568.653352364471   0.150000000000 -100.285822602656   0.095567431984  -0.000713782614   0.028892806294   0.006314362624   0.437582484961  -1.020715607806   1.764343855594   0.010049875621   0.025958333333  -5.710593137500   0.000000000000   0.000000000000  37.934483353643  35.245995008743  32.557506663843
    19 -568.639102364471   0.170000000000 -100.287822602656   0.092498528656   0.000851393649   0.029580728113   0.008089000118   0.416833652630  -1.137950886495  -7.597016970598   0.010049875621   0.024541666667  -5.710593137500   0.000000000000   0.000000000000  37.934483353643  35.245995008743  32.557506663843
    20 -568.624852364471   0.190000000000 -100.289822602656   0.086589401824   0.000880710521   0.029145951245   0.009046819066   0.390103527037  -1.600244850703 -15.402967389216   0.010049875621   0.023125000000  -5.710593137500   0.000000000000   0.000000000000  37.934483353643  35.245995008743  32.557506663843
    21 -568.610602364471   0.210000000000 -100.291822602656   0.076379905996  -0.001117536556   0.025816001477   0.007642449673   0.352513803005  -2.060708498331  -7.505955317267   0.010049875621   0.021708333333  -5.710593137500   0.000000000000   0.000000000000  37.934483353643  35.245995008743  32.557506663843
    22 -568.601435697804   0.150000000000 -100.285822602656   0.039137908819  -0.000771879094   0.004236645183  -0.003634909762   0.619133634147  -1.637840627624  -2.483843440095   0.010049875621   0.025958333333  -5.710593137500   0.000000000000   0.000000000000  32.557506663843  29.504352881592  26.451199099341
    23 -568.590019031138   0.170000000000 -100.287822602656   0.036117735472  -0.000812118940   0.003708510920  -0.003575300730   0.584695855841  -1.840002879099  -7.574104493604   0.010049875621   0.024541666667  -5.710593137500   0.000000000000   0.000000000000  32.557506663843  29.504352881592  26.451199099341
    24 -568.578602364471   0.190000000000 -100.289822602656   0.033205062348  -0.000772071779   0.003391954960  -0.003309480756   0.544374184928  -2.199828556250 -10.327892044293   0.010049875621   0.023125000000  -5.710593137500   0.000000000000   0.000000000000  32.557506663843  29.504352881592  26.451199099341
    25 -568.567185697804   0.210000000000 -100.291822602656   0.031299079227  -0.000328398320   0.002449491804  -0.003788512462   0.496273979784  -2.557636804213  -7.473733640023   0.010049875621   0.021708333333  -5.710593137500   0.000000000000   0.000000000000  32.557506663843  29.504352881592  26.451199099341
    26 -568.549519031138   0.150000000000 -100.285822602656   0.021057573195  -0.000454082866   0.002300420575  -0.001414487153   0.716976038880  -2.030608707204  -4.329880431107   0.010049875621   0.025958333333  -5.710593137500   0.000000000000   0.000000000000  26.451199099341  23.037572833405  19.623946567469
    27 -568.540935697804   0.170000000000 -100.287822602656   0.019218501522  -0.000476121180   0.001957312539  -0.001443806643   0.674183743758  -2.250099859332  -6.590212533376   0.010049875621   0.024541666667  -5.710593137500   0.000000000000   0.000000000000  26.451199099341  23.037572833405  19.623946567469
    28 -568.532352364471   0.190000000000 -100.289822602656   0.017589856419  -0.000418227329   0.001771383960  -0.001338482119   0.626151169495  -2.543616703638  -8.012796268529   0.010049875621   0.023125000000  -5.710593137500   0.000000000000   0.000000000000  26.451199099341  23.037572833405  19.623946567469
    29 -568.523769031138   0.210000000000 -100.291822602656   0.016212853983  -0.000302417231   0.001441077373  -0.001410990756   0.571468141326  -2.929368805775 -11.179088122834   0.010049875621   0.021708333333  -5.710593137500   0.000000000000   0.000000000000  26.451199099341  23.037572833405  19.623946567469
    30 -568.590977364471   0.230000000000 -100.295697602656   0.063418491080  -0.004892665317   0.060875718008   0.024927677080   0.309887496172  -1.855350125791  17.117903652284   0.010405076886   0.019500000000 -16.039943306050   0.000000000000   0.000000000000  53.379538578527  49.985790969986  46.592043361445
    31 -568.565977364471   0.250000000000 -100.301447602656   0.056874244281  -0.003612387180   0.056739507682   0.024909042235   0.275413729527  -1.772737819786 -13.148096080892   0.010405076886   0.016500000000 -16.039943306050   0.000000000000   0.000000000000  53.379538578527  49.985790969986  46.592043361445
    32 -568.540977364853   0.270000000000 -100.307197602656   0.049024989013  -0.003018834744   0.048130894644   0.020743369603   0.235985207040  -1.713267270431  16.005862054537   0.010405076886   0.013500000000 -16.039943306050   0.000000000000   0.000000000000  53.379538578527  49.985790969986  46.592043361445
    33 -568.515977364471   0.290000000000 -100.312947602656   0.028374690213  -0.002822917231   0.035628975417   0.019211556530   0.157738106340 -10.566544410824 -441.436506995320   0.010405076886   0.010500000000 -16.039943306050   0.000000000000   0.000000000000  53.379538578527  49.985790969986  46.592043361445
    34 -568.551977364471   0.230000000000 -100.295697602656   0.029390805005   0.000441596986   0.009173206034  -0.003745082797   0.441979359328  -2.642577589436   3.136901462075   0.010405076886   0.019500000000 -16.039943306050   0.000000000000   0.000000000000  46.592043361445  42.073561307079  37.555079252713
    35 -568.532977364471   0.250000000000 -100.301447602656   0.024696617359   0.000303791762   0.007310193162  -0.003574856482   0.386363227708  -2.893017416017 -15.171402952521   0.010405076886   0.016500000000 -16.039943306050   0.000000000000   0.000000000000  46.592043361445  42.073561307079  37.555079252713
    36 -568.513977364853   0.270000000000 -100.307197602656   0.018174135921   0.000266641619   0.004811704137  -0.003179332560   0.318778269015  -3.680275136681 -22.659058528082   0.010405076886   0.013500000000 -16.039943306050   0.000000000000   0.000000000000  46.592043361445  42.073561307079  37.555079252713
    37 -568.494977364471   0.290000000000 -100.312947602656   0.006492615080   0.000080260961   0.001797583669  -0.001063863959   0.186923674580 -13.360378264084 -442.503440203069   0.010405076886   0.010500000000 -16.039943306050   0.000000000000   0.000000000000  46.592043361445  42.073561307079  37.555079252713
    38 -568.512977364471   0.230000000000 -100.295697602656   0.014398754637   0.000061981231   0.004436572312  -0.001216909167   0.507465029335  -3.272457108317  -5.689117603709   0.010405076886   0.019500000000 -16.039943306050   0.000000000000   0.000000000000  37.555079252713  31.610488454922  25.665897657130
    39 -568.499977364471   0.250000000000 -100.301447602656   0.010710934337  -0.000010638321   0.003109175987  -0.001118707842   0.435291822826  -3.818536519076 -20.551890355702   0.010405076886   0.016500000000 -16.039943306050   0.000000000000   0.000000000000  37.555079252713  31.610488454922  25.665897657130
    40 -568.486977364853   0.270000000000 -100.307197602656   0.005986454568  -0.000008596609   0.001666395369  -0.000697658930   0.346196152175  -4.814437280741 -27.304592234151   0.010405076886   0.013500000000 -16.039943306050   0.000000000000   0.000000000000  37.555079252713  31.610488454922  25.665897657130
    41 -568.473977364471   0.290000000000 -100.312947602656   0.001273207713  -0.000004319597   0.000246062577  -0.000257710258   0.191855616245 -14.086652918557 -418.257499212040   0.010405076886   0.010500000000 -16.039943306050   0.000000000000   0.000000000000  37.555079252713  31.610488454922  25.665897657130
    42 -567.943977364471   0.025000000000 -100.281822602656   0.100797737546   0.000172952336   0.001600623251  -0.000292318728   0.183513390126  -0.134216447772  -2.684328955440   0.025000000000   0.013125000000   0.000000000000   0.000000000000   0.000000000000   6.182930165948   5.710203116380   5.237476066813
    43 -567.938977364471   0.075000000000 -100.281822602632   0.094233267651   0.000177739852   0.001586198439  -0.000183163419   0.171199900643  -0.313996919718  -0.911280483478   0.025000000000   0.012708333333   0.000000000000   0.000000000000   0.000000000000   6.182930165948   5.710203116380   5.237476066813
    44 -567.933977364471   0.125000000000 -100.281822602656   0.084820634675  -0.000171616685   0.001350262721  -0.000248601815   0.154346375519  -0.315163202449   0.887954828865   0.025000000000   0.012291666667   0.000000000000   0.000000000000   0.000000000000   6.182930165948   5.710203116380   5.237476066813
    45 -567.928977364662   0.175000000000 -100.281822602656   0.052289247162  -0.000377909124   0.000766456672  -0.000224311864   0.106882132157  -2.940445344517 -53.393597670229   0.025000000000   0.011875000000   0.000000000000   0.000000000000   0.000000000000   6.182930165948   5.710203116380   5.237476066813
    46 -567.917727364471   0.025000000000 -100.281822602656   0.042182576422  -0.000954541574   0.000012415046  -0.000611765401   0.262409935769  -0.245917730891  -4.918354617816   0.025000000000   0.013125000000   0.000000000000   0.000000000000   0.000000000000   5.237476066813   4.763314697816   4.289153328819
    47 -567.913560697804   0.075000000000 -100.281822602632   0.037279270006  -0.000909071628   0.000000159060  -0.000552414159   0.240555582806  -0.518759582623  -0.538482416837   0.025000000000   0.012708333333   0.000000000000   0.000000000000   0.000000000000   5.237476066813   4.763314697816   4.289153328819
    48 -567.909394031138   0.125000000000 -100.281822602656   0.031076352843  -0.000879083818  -0.000024646389  -0.000487031446   0.212876107315  -0.604231049707  -1.170946924826   0.025000000000   0.012291666667   0.000000000000   0.000000000000   0.000000000000   5.237476066813   4.763314697816   4.289153328819
    49 -567.905227364662   0.175000000000 -100.281822602656   0.016121063667  -0.000421491788   0.000033580689  -0.000205784854   0.139494136984  -3.940769784884 -65.559827778718   0.025000000000   0.011875000000   0.000000000000   0.000000000000   0.000000000000   5.237476066813   4.763314697816   4.289153328819
    50 -567.891477364471   0.025000000000 -100.281822602656   0.021171395885  -0.000440045169   0.000010499712  -0.000239668816   0.301919404828  -0.297743299477  -5.954865989543   0.025000000000   0.013125000000   0.000000000000   0.000000000000   0.000000000000   4.289153328819   3.813811936292   3.338470543764
    51 -567.888144031138   0.075000000000 -100.281822602632   0.018651087001  -0.000429001820  -0.000001578179  -0.000222444419   0.275317568695  -0.639430393260  -0.878875886114   0.025000000000   0.012708333333   0.000000000000   0.000000000000   0.000000000000   4.289153328819   3.813811936292   3.338470543764
    52 -567.884810697804   0.125000000000 -100.281822602656   0.014651428994  -0.000367050837  -0.000006168442  -0.000180018533   0.240378404439  -0.788954372025  -2.111603689192   0.025000000000   0.012291666667   0.000000000000   0.000000000000   0.000000000000   4.289153328819   3.813811936292   3.338470543764
    53 -567.881477364662   0.175000000000 -100.281822602656   0.006897319272  -0.000215776308  -0.000011235150  -0.000093574529   0.153319412669  -4.386695856662 -69.843226003535   0.025000000000   0.011875000000   0.000000000000   0.000000000000   0.000000000000   4.289153328819   3.813811936292   3.338470543764


wake shape after timestep: 20
 span time              xo               yo               zo               nu          epsilon              psi                U                V                W                A                B                C              eta              xsi                K            phiLE             phi0            phiTE	#
    0    0 -13.372078826140   0.010000000000  -2.387662442920  -1.543108875400  -9.996446627832  -0.267926627867  10.832885283135   0.000000000000   1.910129954336   0.918431027522  -0.487320670318 -24.357463403774   0.010003518475  13.750000000000   0.968154275118   8.553392365865  10.519474066744  12.485555767623
    1    0 -13.369023270587   0.030000000000  -2.387662442920  -1.543108875400  -9.996446627830  -0.267926627867  10.832885283136   0.000000000000   1.910129954336   0.900803914359  -1.087579306247  -5.644912132418   0.010003518475  13.750000000003   0.948309081788   8.553392365865  10.519474066744  12.485555767623
    2    0 -13.365967715027   0.050000000000  -2.387662442920  -1.543108875400  -9.996446627831  -0.267926627867  10.832885283133   0.000000000000   1.910129954336   0.877060314179  -1.258435948527  -2.894915264827   0.010003518475  13.749999999998   0.920129745030   8.553392365865  10.519474066744  12.485555767623
    3    0 -13.360662159474   0.073333333333  -2.388162442920  -4.998331006284  -9.962735664352  -0.866883660778  10.832885283135   0.000000000000   1.910129954336   0.846121405059  -1.382716357034  -2.479385300106   0.013382698493  13.750000000000   0.882716571398  15.190279393490  18.131347029197  21.072414664905
    4    0 -13.353106603918   0.100000000000  -2.389162442920  -4.998331006284  -9.962735664352  -0.866883660778  10.832885283135   0.000000000000   1.910129954336   0.807012769037  -1.563783689625  -4.285593104231   0.013382698493  13.750000000000   0.835483318756  15.190279393490  18.131347029197  21.072414664905
    5    0 -13.345551048363   0.126666666667  -2.390162442920  -4.998331006284  -9.962735664352  -0.866883660778  10.832885283135   0.000000000000   1.910129954336   0.762001224782  -1.806064053724  -4.766406543996   0.013382698493  13.750000000000   0.782283136263  15.190279393490  18.131347029197  21.072414664905
    6    0 -13.338189937249   0.150000000000  -2.391662442920  -9.268054949402  -9.872041437434  -1.602580558045  10.832885283133   0.000000000000   1.910129954336   0.716970969544  -2.016991330738  -4.114829589105   0.010128306879  13.749999999998   0.730415910498  18.328699138510  21.685824775196  25.042950411882
    7    0 -13.331023270583   0.170000000000  -2.393662442920  -9.268054949402  -9.872041437434  -1.602580558045  10.832885283133   0.000000000000   1.910129954336   0.674183211313  -2.231464305325  -6.472970382955   0.010128306879  13.749999999998   0.681727943368  18.328699138510  21.685824775196  25.042950411882
    8    0 -13.323856603916   0.190000000000  -2.395662442920  -9.268054949402  -9.872041437434  -1.602580558045  10.832885283133   0.000000000000   1.910129954336   0.626158368606  -2.526657551331  -8.099714347261   0.010128306879  13.749999999998   0.628020882364  18.328699138510  21.685824775196  25.042950411882
    9    0 -13.316689937249   0.210000000000  -2.397662442920  -9.268054949402  -9.872041437434  -1.602580558045  10.832885283133   0.000000000000   1.910129954336   0.571439877323  -2.896943655445 -10.180048920544   0.010128306879  13.749999999998   0.567660598056  18.328699138510  21.685824775196  25.042950411882
   10    0 -13.308106603916   0.230000000000  -2.401537442920 -20.589366339294  -9.372958309296  -3.501030574821  10.832885283133   0.000000000000   1.910129954336   0.507436624793  -3.202707217634  -4.668285086427   0.010662399716  13.749999999998   0.498078595068  22.538011668534  28.387475898097  34.236940127660
   11    0 -13.298106603916   0.250000000000  -2.407287442920 -20.589366339294  -9.372958309296  -3.501030574821  10.832885283133   0.000000000000   1.910129954336   0.435299443560  -3.723912155512 -19.772973530155   0.010662399716  13.749999999998   0.419478148783  22.538011668534  28.387475898097  34.236940127660
   12    0 -13.288106603925   0.270000000000  -2.413037442920 -20.589366339291  -9.372958309290  -3.501030574818  10.832885283140   0.000000000000   1.910129954336   0.346194073792  -4.698896997302 -25.947730426432   0.010662399716  13.750000000007   0.324964575453  22.538011668536  28.387475898100  34.236940127663
   13    0 -13.278106603916   0.290000000000  -2.418787442920 -20.589366339294  -9.372958309296  -3.501030574821  10.832885283133   0.000000000000   1.910129954336   0.191856309028 -13.746560341934 -398.331211715112   0.010662399716  13.749999999998   0.159936959754  22.538011668534  28.387475898097  34.236940127660
   14    0 -12.692981603916   0.025000000000  -2.387662442920  -0.589308740512  -9.999481735229  -0.102330639012  10.832885283133   0.000000000000   1.910129954336   0.301919404827  -0.297728025481  -5.954255045410   0.025001282546  13.749999999998   0.472586722144   3.287695504213   3.755792678262   4.223889852310
   15    0 -12.690064937249   0.075000000000  -2.387662442920  -0.589308740512  -9.999481735227  -0.102330639012  10.832885283133   0.000000000000   1.910129954336   0.275317568694  -0.639397590990  -0.878785717218   0.025001282546  13.749999999998   0.430867124978   3.287695504213   3.755792678262   4.223889852310
   16    0 -12.687148270583   0.125000000000  -2.387662442920  -0.589308740512  -9.999481735229  -0.102330639012  10.832885283133   0.000000000000   1.910129954336   0.240378404439  -0.788913899267  -2.111387046980   0.025001282546  13.749999999998   0.369248212442   3.287695504213   3.755792678262   4.223889852310
   17    0 -12.684231603921   0.175000000000  -2.387662442920  -0.589308740512  -9.999481735226  -0.102330639012  10.832885283136   0.000000000000   1.910129954336   0.153319412670  -4.386470822664 -69.836060384770   0.025001282546  13.750000000003   0.203170884614   3.287695504213   3.755792678262   4.223889852311

    0    1 -40.454292033977   0.010000000000  -7.162987328761  -1.543108875400  -9.996446627832  -0.267926627867  10.832885283135   0.000000000000   1.910129954336   0.918431027522  -0.487320670318 -24.357463403774   0.010003518475  13.750000000000   0.904344954524   8.553392365865   8.553392365865   8.553392365865
    1    1 -40.451236478428   0.030000000000  -7.162987328761  -1.543108875400  -9.996446627830  -0.267926627867  10.832885283136   0.000000000000   1.910129954336   0.900803914359  -1.087579306247  -5.644912132418   0.010003518475  13.750000000003   0.888027253239   8.553392365865   8.553392365865   8.553392365865
    2    1 -40.448180922859   0.050000000000  -7.162987328759  -1.543108875400  -9.996446627831  -0.267926627867  10.832885283133   0.000000000000   1.910129954336   0.877060314179  -1.258435948527  -2.894915264827   0.010003518475  13.749999999998   0.865459201858   8.553392365865   8.553392365865   8.553392365865
    3    1 -40.442875367310   0.073333333333  -7.163487328761  -4.998331006284  -9.962735664352  -0.866883660778  10.832885283135   0.000000000000   1.910129954336   0.846121405059  -1.382716357034  -2.479385300106   0.013382698493  13.750000000000   0.836055176231  15.190279393490  15.190279393490  15.190279393490
    4    1 -40.435319811755   0.100000000000  -7.164487328761  -4.998331006284  -9.962735664352  -0.866883660778  10.832885283135   0.000000000000   1.910129954336   0.807012769037  -1.563783689625  -4.285593104231   0.013382698493  13.750000000000   0.798988893384  15.190279393490  15.190279393490  15.190279393490
    5    1 -40.427764256199   0.126666666667  -7.165487328761  -4.998331006284  -9.962735664352  -0.866883660778  10.832885283135   0.000000000000   1.910129954336   0.762001224782  -1.806064053724  -4.766406543996   0.013382698493  13.750000000000   0.756379081575  15.190279393490  15.190279393490  15.190279393490
    6    1 -40.420403145081   0.150000000000  -7.166987328761  -9.268054949402  -9.872041437434  -1.602580558045  10.832885283133   0.000000000000   1.910129954336   0.716970969544  -2.016991330738  -4.114829589105   0.010128306879  13.749999999998   0.713770354775  18.328699138510  18.328699138510  18.328699138510
    7    1 -40.413236478415   0.170000000000  -7.168987328761  -9.268054949402  -9.872041437434  -1.602580558045  10.832885283133   0.000000000000   1.910129954336   0.674183211313  -2.231464305325  -6.472970382955   0.010128306879  13.749999999998   0.672945609990  18.328699138510  18.328699138510  18.328699138510
    8    1 -40.406069811748   0.190000000000  -7.170987328761  -9.268054949402  -9.872041437434  -1.602580558045  10.832885283133   0.000000000000   1.910129954336   0.626158368606  -2.526657551331  -8.099714347261   0.010128306879  13.749999999998   0.626920619337  18.328699138510  18.328699138510  18.328699138510
    9    1 -40.398903145081   0.210000000000  -7.172987328761  -9.268054949402  -9.872041437434  -1.602580558045  10.832885283133   0.000000000000   1.910129954336   0.571439877323  -2.896943655445 -10.180048920544   0.010128306879  13.749999999998   0.574131228644  18.328699138510  18.328699138510  18.328699138510
   10    1 -40.390319811748   0.230000000000  -7.176862328761 -20.589366339294  -9.372958309296  -3.501030574821  10.832885283133   0.000000000000   1.910129954336   0.507436624793  -3.202707217634  -4.668285086427   0.010662399716  13.749999999998   0.512212403047  22.538011668534  22.538011668534  22.538011668534
   11    1 -40.380319811748   0.250000000000  -7.182612328761 -20.589366339294  -9.372958309296  -3.501030574821  10.832885283133   0.000000000000   1.910129954336   0.435299443560  -3.723912155512 -19.772973530155   0.010662399716  13.749999999998   0.441256897647  22.538011668534  22.538011668534  22.538011668534
   12    1 -40.370319811775   0.270000000000  -7.188362328761 -20.589366339291  -9.372958309290  -3.501030574818  10.832885283140   0.000000000000   1.910129954336   0.346194073792  -4.698896997302 -25.947730426432   0.010662399716  13.750000000007   0.352971314205  22.538011668536  22.538011668536  22.538011668536
   13    1 -40.360319811748   0.290000000000  -7.194112328761 -20.589366339294  -9.372958309296  -3.501030574821  10.832885283133   0.000000000000   1.910129954336   0.191856309028 -13.746560341934 -398.331211715112   0.010662399716  13.749999999998   0.181925997926  22.538011668534  22.538011668534  22.538011668534
   14    1 -39.775194811748   0.025000000000  -7.162987328761  -0.589308740512  -9.999481735229  -0.102330639012  10.832885283133   0.000000000000   1.910129954336   0.301919404827  -0.297728025481  -5.954255045410   0.025001282546  13.749999999998   0.271109918481   3.287695504213   3.287695504213   3.287695504213
   15    1 -39.772278145081   0.075000000000  -7.162987328759  -0.589308740512  -9.999481735227  -0.102330639012  10.832885283133   0.000000000000   1.910129954336   0.275317568694  -0.639397590990  -0.878785717218   0.025001282546  13.749999999998   0.250566210453   3.287695504213   3.287695504213   3.287695504213
   16    1 -39.769361478415   0.125000000000  -7.162987328761  -0.589308740512  -9.999481735229  -0.102330639012  10.832885283133   0.000000000000   1.910129954336   0.240378404439  -0.788913899267  -2.111387046980   0.025001282546  13.749999999998   0.223756204304   3.287695504213   3.287695504213   3.287695504213
   17    1 -39.766444811762   0.175000000000  -7.162987328761  -0.589308740512  -9.999481735226  -0.102330639012  10.832885283136   0.000000000000   1.910129954336   0.153319412670  -4.386470822664 -69.836060384770   0.025001282546  13.750000000003   0.135183790948   3.287695504213   3.287695504213   3.287695504213

    0    2 -67.536505241813   0.010000000000 -11.938312214602  -1.543108875400  -9.996446627832  -0.267926627867  10.832885283135   0.000000000000   1.910129954336   0.918431027522  -0.487320670318 -24.357463403774   0.010003518475  13.750000000000   0.921164675564   8.553392365865   8.553392365865   8.553392365865
    1    2 -67.533449686269   0.030000000000 -11.938312214602  -1.543108875400  -9.996446627830  -0.267926627867  10.832885283136   0.000000000000   1.910129954336   0.900803914359  -1.087579306247  -5.644912132418   0.010003518475  13.750000000003   0.903986304129   8.553392365865   8.553392365865   8.553392365865
    2    2 -67.530394130691   0.050000000000 -11.938312214599  -1.543108875400  -9.996446627831  -0.267926627867  10.832885283133   0.000000000000   1.910129954336   0.877060314179  -1.258435948527  -2.894915264827   0.010003518475  13.749999999998   0.880055384348   8.553392365865   8.553392365865   8.553392365865
    3    2 -67.525088575147   0.073333333333 -11.938812214602  -4.998331006284  -9.962735664352  -0.866883660778  10.832885283135   0.000000000000   1.910129954336   0.846121405059  -1.382716357034  -2.479385300106   0.013382698493  13.750000000000   0.848647866055  15.190279393490  15.190279393490  15.190279393490
    4    2 -67.517533019591   0.100000000000 -11.939812214602  -4.998331006284  -9.962735664352  -0.866883660778  10.832885283135   0.000000000000   1.910129954336   0.807012769037  -1.563783689625  -4.285593104231   0.013382698493  13.750000000000   0.808839637506  15.190279393490  15.190279393490  15.190279393490
    5    2 -67.509977464036   0.126666666667 -11.940812214602  -4.998331006284  -9.962735664352  -0.866883660778  10.832885283135   0.000000000000   1.910129954336   0.762001224782  -1.806064053724  -4.766406543996   0.013382698493  13.750000000000   0.763085716064  15.190279393490  15.190279393490  15.190279393490
    6    2 -67.502616352913   0.150000000000 -11.942312214602  -9.268054949402  -9.872041437434  -1.602580558045  10.832885283133   0.000000000000   1.910129954336   0.716970969544  -2.016991330738  -4.114829589105   0.010128306879  13.749999999998   0.717490985581  18.328699138510  18.328699138510  18.328699138510
    7    2 -67.495449686247   0.170000000000 -11.944312214602  -9.268054949402  -9.872041437434  -1.602580558045  10.832885283133   0.000000000000   1.910129954336   0.674183211313  -2.231464305325  -6.472970382955   0.010128306879  13.749999999998   0.673960951703  18.328699138510  18.328699138510  18.328699138510
    8    2 -67.488283019580   0.190000000000 -11.946312214602  -9.268054949402  -9.872041437434  -1.602580558045  10.832885283133   0.000000000000   1.910129954336   0.626158368606  -2.526657551331  -8.099714347261   0.010128306879  13.749999999998   0.625202535350  18.328699138510  18.328699138510  18.328699138510
    9    2 -67.481116352913   0.210000000000 -11.948312214602  -9.268054949402  -9.872041437434  -1.602580558045  10.832885283133   0.000000000000   1.910129954336   0.571439877323  -2.896943655445 -10.180048920544   0.010128306879  13.749999999998   0.569757363399  18.328699138510  18.328699138510  18.328699138510
   10    2 -67.472533019580   0.230000000000 -11.952187214602 -20.589366339294  -9.372958309296  -3.501030574821  10.832885283133   0.000000000000   1.910129954336   0.507436624793  -3.202707217634  -4.668285086427   0.010662399716  13.749999999998   0.505318882562  22.538011668534  22.538011668534  22.538011668534
   11    2 -67.462533019580   0.250000000000 -11.957937214602 -20.589366339294  -9.372958309296  -3.501030574821  10.832885283133   0.000000000000   1.910129954336   0.435299443560  -3.723912155512 -19.772973530155   0.010662399716  13.749999999998   0.432104905261  22.538011668534  22.538011668534  22.538011668534
   12    2 -67.452533019625   0.270000000000 -11.963687214602 -20.589366339291  -9.372958309290  -3.501030574818  10.832885283140   0.000000000000   1.910129954336   0.346194073792  -4.698896997302 -25.947730426432   0.010662399716  13.750000000007   0.342608506690  22.538011668536  22.538011668536  22.538011668536
   13    2 -67.442533019580   0.290000000000 -11.969437214602 -20.589366339294  -9.372958309296  -3.501030574821  10.832885283133   0.000000000000   1.910129954336   0.191856309028 -13.746560341934 -398.331211715112   0.010662399716  13.749999999998   0.175222678380  22.538011668534  22.538011668534  22.538011668534
   14    2 -66.857408019580   0.025000000000 -11.938312214602  -0.589308740512  -9.999481735229  -0.102330639012  10.832885283133   0.000000000000   1.910129954336   0.301919404827  -0.297728025481  -5.954255045410   0.025001282546  13.749999999998   0.306187666111   3.287695504213   3.287695504213   3.287695504213
   15    2 -66.854491352913   0.075000000000 -11.938312214599  -0.589308740512  -9.999481735227  -0.102330639012  10.832885283133   0.000000000000   1.910129954336   0.275317568694  -0.639397590990  -0.878785717218   0.025001282546  13.749999999998   0.278829166800   3.287695504213   3.287695504213   3.287695504213
   16    2 -66.851574686247   0.125000000000 -11.938312214602  -0.589308740512  -9.999481735229  -0.102330639012  10.832885283133   0.000000000000   1.910129954336   0.240378404439  -0.788913899267  -2.111387046980   0.025001282546  13.749999999998   0.240710886158   3.287695504213   3.287695504213   3.287695504213
   17    2 -66.848658019603   0.175000000000 -11.938312214602  -0.589308740512  -9.999481735226  -0.102330639012  10.832885283136   0.000000000000   1.910129954336   0.153319412670  -4.386470822664 -69.836060384770   0.025001282546  13.750000000003   0.137355598481   3.287695504213   3.287695504213   3.287695504213

    0    3 -94.618718449650   0.010000000000 -16.713637100443  -1.543108875400  -9.996446627832  -0.267926627867  10.832885283135   0.000000000000   1.910129954336   0.918431027522  -0.487320670318 -24.357463403774   0.010003518475  13.750000000000   0.916652976219   8.553392365865   8.553392365865   8.553392365865
    1    3 -94.615662894110   0.030000000000 -16.713637100443  -1.543108875400  -9.996446627830  -0.267926627867  10.832885283136   0.000000000000   1.910129954336   0.900803914359  -1.087579306247  -5.644912132418   0.010003518475  13.750000000003   0.899697202432   8.553392365865   8.553392365865   8.553392365865
    2    3 -94.612607338523   0.050000000000 -16.713637100439  -1.543108875400  -9.996446627831  -0.267926627867  10.832885283133   0.000000000000   1.910129954336   0.877060314179  -1.258435948527  -2.894915264827   0.010003518475  13.749999999998   0.876120738721   8.553392365865   8.553392365865   8.553392365865
    3    3 -94.607301782983   0.073333333333 -16.714137100443  -4.998331006284  -9.962735664352  -0.866883660778  10.832885283135   0.000000000000   1.910129954336   0.846121405059  -1.382716357034  -2.479385300106   0.013382698493  13.750000000000   0.845244789551  15.190279393490  15.190279393490  15.190279393490
    4    3 -94.599746227428   0.100000000000 -16.715137100443  -4.998331006284  -9.962735664352  -0.866883660778  10.832885283135   0.000000000000   1.910129954336   0.807012769037  -1.563783689625  -4.285593104231   0.013382698493  13.750000000000   0.806195267865  15.190279393490  15.190279393490  15.190279393490
    5    3 -94.592190671872   0.126666666667 -16.716137100443  -4.998331006284  -9.962735664352  -0.866883660778  10.832885283135   0.000000000000   1.910129954336   0.762001224782  -1.806064053724  -4.766406543996   0.013382698493  13.750000000000   0.761364300843  15.190279393490  15.190279393490  15.190279393490
    6    3 -94.584829560745   0.150000000000 -16.717637100443  -9.268054949402  -9.872041437434  -1.602580558045  10.832885283133   0.000000000000   1.910129954336   0.716970969544  -2.016991330738  -4.114829589105   0.010128306879  13.749999999998   0.716692716615  18.328699138510  18.328699138510  18.328699138510
    7    3 -94.577662894079   0.170000000000 -16.719637100443  -9.268054949402  -9.872041437434  -1.602580558045  10.832885283133   0.000000000000   1.910129954336   0.674183211313  -2.231464305325  -6.472970382955   0.010128306879  13.749999999998   0.674029597915  18.328699138510  18.328699138510  18.328699138510
    8    3 -94.570496227412   0.190000000000 -16.721637100443  -9.268054949402  -9.872041437434  -1.602580558045  10.832885283133   0.000000000000   1.910129954336   0.626158368606  -2.526657551331  -8.099714347261   0.010128306879  13.749999999998   0.626161468405  18.328699138510  18.328699138510  18.328699138510
    9    3 -94.563329560745   0.210000000000 -16.723637100443  -9.268054949402  -9.872041437434  -1.602580558045  10.832885283133   0.000000000000   1.910129954336   0.571439877323  -2.896943655445 -10.180048920544   0.010128306879  13.749999999998   0.571576191264  18.328699138510  18.328699138510  18.328699138510
   10    3 -94.554746227412   0.230000000000 -16.727512100443 -20.589366339294  -9.372958309296  -3.501030574821  10.832885283133   0.000000000000   1.910129954336   0.507436624793  -3.202707217634  -4.668285086427   0.010662399716  13.749999999998   0.507928998753  22.538011668534  22.538011668534  22.538011668534
   11    3 -94.544746227412   0.250000000000 -16.733262100443 -20.589366339294  -9.372958309296  -3.501030574821  10.832885283133   0.000000000000   1.910129954336   0.435299443560  -3.723912155512 -19.772973530155   0.010662399716  13.749999999998   0.435360602136  22.538011668534  22.538011668534  22.538011668534
   12    3 -94.534746227476   0.270000000000 -16.739012100443 -20.589366339291  -9.372958309290  -3.501030574818  10.832885283140   0.000000000000   1.910129954336   0.346194073792  -4.698896997302 -25.947730426432   0.010662399716  13.750000000007   0.346028149928  22.538011668536  22.538011668536  22.538011668536
   13    3 -94.524746227412   0.290000000000 -16.744762100443 -20.589366339294  -9.372958309296  -3.501030574821  10.832885283133   0.000000000000   1.910129954336   0.191856309028 -13.746560341934 -398.331211715112   0.010662399716  13.749999999998   0.177209089873  22.538011668534  22.538011668534  22.538011668534
   14    3 -93.939621227412   0.025000000000 -16.713637100443  -0.589308740512  -9.999481735229  -0.102330639012  10.832885283133   0.000000000000   1.910129954336   0.301919404827  -0.297728025481  -5.954255045410   0.025001282546  13.749999999998   0.299566870388   3.287695504213   3.287695504213   3.287695504213
   15    3 -93.936704560745   0.075000000000 -16.713637100439  -0.589308740512  -9.999481735227  -0.102330639012  10.832885283133   0.000000000000   1.910129954336   0.275317568694  -0.639397590990  -0.878785717218   0.025001282546  13.749999999998   0.274692668282   3.287695504213   3.287695504213   3.287695504213
   16    3 -93.933787894079   0.125000000000 -16.713637100443  -0.589308740512  -9.999481735229  -0.102330639012  10.832885283133   0.000000000000   1.910129954336   0.240378404439  -0.788913899267  -2.111387046980   0.025001282546  13.749999999998   0.240492970131   3.287695504213   3.287695504213   3.287695504213
   17    3 -93.930871227444   0.175000000000 -16.713637100443  -0.589308740512  -9.999481735226  -0.102330639012  10.832885283136   0.000000000000   1.910129954336   0.153319412670  -4.386470822664 -69.836060384770   0.025001282546  13.750000000003   0.139603695183   3.287695504213   3.287695504213   3.287695504213

    0    4 -121.700931657486   0.010000000000 -21.488961986283  -1.543108875400  -9.996446627832  -0.267926627867  10.832885283135   0.000000000000   1.910129954336   0.918431027522  -0.487320670318 -24.357463403774   0.010003518475  13.750000000000   0.917883039632   8.553392365865   8.553392365865   8.553392365865
    1    4 -121.697876101951   0.030000000000 -21.488961986283  -1.543108875400  -9.996446627830  -0.267926627867  10.832885283136   0.000000000000   1.910129954336   0.900803914359  -1.087579306247  -5.644912132418   0.010003518475  13.750000000003   0.900867050578   8.553392365865   8.553392365865   8.553392365865
    2    4 -121.694820546355   0.050000000000 -21.488961986278  -1.543108875400  -9.996446627831  -0.267926627867  10.832885283133   0.000000000000   1.910129954336   0.877060314179  -1.258435948527  -2.894915264827   0.010003518475  13.749999999998   0.877194173966   8.553392365865   8.553392365865   8.553392365865
    3    4 -121.689514990820   0.073333333333 -21.489461986283  -4.998331006284  -9.962735664352  -0.866883660778  10.832885283135   0.000000000000   1.910129954336   0.846121405059  -1.382716357034  -2.479385300106   0.013382698493  13.750000000000   0.846171595872  15.190279393490  15.190279393490  15.190279393490
    4    4 -121.681959435264   0.100000000000 -21.490461986283  -4.998331006284  -9.962735664352  -0.866883660778  10.832885283135   0.000000000000   1.910129954336   0.807012769037  -1.563783689625  -4.285593104231   0.013382698493  13.750000000000   0.806907299952  15.190279393490  15.190279393490  15.190279393490
    5    4 -121.674403879709   0.126666666667 -21.491461986283  -4.998331006284  -9.962735664352  -0.866883660778  10.832885283135   0.000000000000   1.910129954336   0.762001224782  -1.806064053724  -4.766406543996   0.013382698493  13.750000000000   0.761805757252  15.190279393490  15.190279393490  15.190279393490
    6    4 -121.667042768577   0.150000000000 -21.492961986283  -9.268054949402  -9.872041437434  -1.602580558045  10.832885283133   0.000000000000   1.910129954336   0.716970969544  -2.016991330738  -4.114829589105   0.010128306879  13.749999999998   0.716855261656  18.328699138510  18.328699138510  18.328699138510
    7    4 -121.659876101910   0.170000000000 -21.494961986283  -9.268054949402  -9.872041437434  -1.602580558045  10.832885283133   0.000000000000   1.910129954336   0.674183211313  -2.231464305325  -6.472970382955   0.010128306879  13.749999999998   0.673924916271  18.328699138510  18.328699138510  18.328699138510
    8    4 -121.652709435244   0.190000000000 -21.496961986283  -9.268054949402  -9.872041437434  -1.602580558045  10.832885283133   0.000000000000   1.910129954336   0.626158368606  -2.526657551331  -8.099714347261   0.010128306879  13.749999999998   0.625780152758  18.328699138510  18.328699138510  18.328699138510
    9    4 -121.645542768577   0.210000000000 -21.498961986283  -9.268054949402  -9.872041437434  -1.602580558045  10.832885283133   0.000000000000   1.910129954336   0.571439877323  -2.896943655445 -10.180048920544   0.010128306879  13.749999999998   0.570929032453  18.328699138510  18.328699138510  18.328699138510
   10    4 -121.636959435244   0.230000000000 -21.502836986283 -20.589366339294  -9.372958309296  -3.501030574821  10.832885283133   0.000000000000   1.910129954336   0.507436624793  -3.202707217634  -4.668285086427   0.010662399716  13.749999999998   0.507042422759  22.538011668534  22.538011668534  22.538011668534
   11    4 -121.626959435244   0.250000000000 -21.508586986283 -20.589366339294  -9.372958309296  -3.501030574821  10.832885283133   0.000000000000   1.910129954336   0.435299443560  -3.723912155512 -19.772973530155   0.010662399716  13.749999999998   0.434294323315  22.538011668534  22.538011668534  22.538011668534
   12    4 -121.616959435326   0.270000000000 -21.514336986283 -20.589366339291  -9.372958309290  -3.501030574818  10.832885283140   0.000000000000   1.910129954336   0.346194073792  -4.698896997302 -25.947730426432   0.010662399716  13.750000000007   0.344962621957  22.538011668536  22.538011668536  22.538011668536
   13    4 -121.606959435244   0.290000000000 -21.520086986283 -20.589366339294  -9.372958309296  -3.501030574821  10.832885283133   0.000000000000   1.910129954336   0.191856309028 -13.746560341934 -398.331211715112   0.010662399716  13.749999999998   0.176632677945  22.538011668534  22.538011668534  22.538011668534
   14    4 -121.021834435244   0.025000000000 -21.488961986283  -0.589308740512  -9.999481735229  -0.102330639012  10.832885283133   0.000000000000   1.910129954336   0.301919404827  -0.297728025481  -5.954255045410   0.025001282546  13.749999999998   0.300917544958   3.287695504213   3.287695504213   3.287695504213
   15    4 -121.018917768577   0.075000000000 -21.488961986278  -0.589308740512  -9.999481735227  -0.102330639012  10.832885283133   0.000000000000   1.910129954336   0.275317568694  -0.639397590990  -0.878785717218   0.025001282546  13.749999999998   0.275133574533   3.287695504213   3.287695504213   3.287695504213
   16    4 -121.016001101910   0.125000000000 -21.488961986283  -0.589308740512  -9.999481735229  -0.102330639012  10.832885283133   0.000000000000   1.910129954336   0.240378404439  -0.788913899267  -2.111387046980   0.025001282546  13.749999999998   0.239611866308   3.287695504213   3.287695504213   3.287695504213
   17    4 -121.013084435285   0.175000000000 -21.488961986283  -0.589308740512  -9.999481735226  -0.102330639012  10.832885283136   0.000000000000   1.910129954336   0.153319412670  -4.386470822664 -69.836060384770   0.025001282546  13.750000000003   0.138447511540   3.287695504213   3.287695504213   3.287695504213

    0    5 -148.783144865323   0.010000000000 -26.264286872124  -1.543108875400  -9.996446627832  -0.267926627867  10.832885283135   0.000000000000   1.910129954336   0.918431027522  -0.487320670318 -24.357463403774   0.010003518475  13.750000000000   0.917546088271   8.553392365865   8.553392365865   8.553392365865
    1    5 -148.780089309792   0.030000000000 -26.264286872124  -1.543108875400  -9.996446627830  -0.267926627867  10.832885283136   0.000000000000   1.910129954336   0.900803914359  -1.087579306247  -5.644912132418   0.010003518475  13.750000000003   0.900546853043   8.553392365865   8.553392365865   8.553392365865
    2    5 -148.777033754187   0.050000000000 -26.264286872118  -1.543108875400  -9.996446627831  -0.267926627867  10.832885283133   0.000000000000   1.910129954336   0.877060314179  -1.258435948527  -2.894915264827   0.010003518475  13.749999999998   0.876900941104   8.553392365865   8.553392365865   8.553392365865
    3    5 -148.771728198656   0.073333333333 -26.264786872124  -4.998331006284  -9.962735664352  -0.866883660778  10.832885283135   0.000000000000   1.910129954336   0.846121405059  -1.382716357034  -2.479385300106   0.013382698493  13.750000000000   0.845919788351  15.190279393490  15.190279393490  15.190279393490
    4    5 -148.764172643101   0.100000000000 -26.265786872124  -4.998331006284  -9.962735664352  -0.866883660778  10.832885283135   0.000000000000   1.910129954336   0.807012769037  -1.563783689625  -4.285593104231   0.013382698493  13.750000000000   0.806717133936  15.190279393490  15.190279393490  15.190279393490
    5    5 -148.756617087545   0.126666666667 -26.266786872124  -4.998331006284  -9.962735664352  -0.866883660778  10.832885283135   0.000000000000   1.910129954336   0.762001224782  -1.806064053724  -4.766406543996   0.013382698493  13.750000000000   0.761694785576  15.190279393490  15.190279393490  15.190279393490
    6    5 -148.749255976409   0.150000000000 -26.268286872124  -9.268054949402  -9.872041437434  -1.602580558045  10.832885283133   0.000000000000   1.910129954336   0.716970969544  -2.016991330738  -4.114829589105   0.010128306879  13.749999999998   0.716827257848  18.328699138510  18.328699138510  18.328699138510
    7    5 -148.742089309742   0.170000000000 -26.270286872124  -9.268054949402  -9.872041437434  -1.602580558045  10.832885283133   0.000000000000   1.910129954336   0.674183211313  -2.231464305325  -6.472970382955   0.010128306879  13.749999999998   0.673977201254  18.328699138510  18.328699138510  18.328699138510
    8    5 -148.734922643076   0.190000000000 -26.272286872124  -9.268054949402  -9.872041437434  -1.602580558045  10.832885283133   0.000000000000   1.910129954336   0.626158368606  -2.526657551331  -8.099714347261   0.010128306879  13.749999999998   0.625915741953  18.328699138510  18.328699138510  18.328699138510
    9    5 -148.727755976409   0.210000000000 -26.274286872124  -9.268054949402  -9.872041437434  -1.602580558045  10.832885283133   0.000000000000   1.910129954336   0.571439877323  -2.896943655445 -10.180048920544   0.010128306879  13.749999999998   0.571144145297  18.328699138510  18.328699138510  18.328699138510
   10    5 -148.719172643076   0.230000000000 -26.278161872124 -20.589366339294  -9.372958309296  -3.501030574821  10.832885283133   0.000000000000   1.910129954336   0.507436624793  -3.202707217634  -4.668285086427   0.010662399716  13.749999999998   0.507327765668  22.538011668534  22.538011668534  22.538011668534
   11    5 -148.709172643076   0.250000000000 -26.283911872124 -20.589366339294  -9.372958309296  -3.501030574821  10.832885283133   0.000000000000   1.910129954336   0.435299443560  -3.723912155512 -19.772973530155   0.010662399716  13.749999999998   0.434628439862  22.538011668534  22.538011668534  22.538011668534
   12    5 -148.699172643176   0.270000000000 -26.289661872124 -20.589366339291  -9.372958309290  -3.501030574818  10.832885283140   0.000000000000   1.910129954336   0.346194073792  -4.698896997302 -25.947730426432   0.010662399716  13.750000000007   0.345284450592  22.538011668536  22.538011668536  22.538011668536
   13    5 -148.689172643076   0.290000000000 -26.295411872124 -20.589366339294  -9.372958309296  -3.501030574821  10.832885283133   0.000000000000   1.910129954336   0.191856309028 -13.746560341934 -398.331211715112   0.010662399716  13.749999999998   0.176797896313  22.538011668534  22.538011668534  22.538011668534
   14    5 -148.104047643076   0.025000000000 -26.264286872124  -0.589308740512  -9.999481735229  -0.102330639012  10.832885283133   0.000000000000   1.910129954336   0.301919404827  -0.297728025481  -5.954255045410   0.025001282546  13.749999999998   0.300626147568   3.287695504213   3.287695504213   3.287695504213
   15    5 -148.101130976409   0.075000000000 -26.264286872118  -0.589308740512  -9.999481735227  -0.102330639012  10.832885283133   0.000000000000   1.910129954336   0.275317568694  -0.639397590990  -0.878785717218   0.025001282546  13.749999999998   0.275164089598   3.287695504213   3.287695504213   3.287695504213
   16    5 -148.098214309742   0.125000000000 -26.264286872124  -0.589308740512  -9.999481735229  -0.102330639012  10.832885283133   0.000000000000   1.910129954336   0.240378404439  -0.788913899267  -2.111387046980   0.025001282546  13.749999999998   0.240070668368   3.287695504213   3.287695504213   3.287695504213
   17    5 -148.095297643126   0.175000000000 -26.264286872124  -0.589308740512  -9.999481735226  -0.102330639012  10.832885283136   0.000000000000   1.910129954336   0.153319412670  -4.386470822664 -69.836060384770   0.025001282546  13.750000000003   0.138877669209   3.287695504213   3.287695504213   3.287695504213

    0    6 -175.865358073160   0.010000000000 -31.039611757965  -1.543108875400  -9.996446627832  -0.267926627867  10.832885283135   0.000000000000   1.910129954336   0.918431027522  -0.487320670318 -24.357463403774   0.010003518475  13.750000000000   0.917638308121   8.553392365865   8.553392365865   8.553392365865
    1    6 -175.862302517633   0.030000000000 -31.039611757965  -1.543108875400  -9.996446627830  -0.267926627867  10.832885283136   0.000000000000   1.910129954336   0.900803914359  -1.087579306247  -5.644912132418   0.010003518475  13.750000000003   0.900634335765   8.553392365865   8.553392365865   8.553392365865
    2    6 -175.859246962019   0.050000000000 -31.039611757957  -1.543108875400  -9.996446627831  -0.267926627867  10.832885283133   0.000000000000   1.910129954336   0.877060314179  -1.258435948527  -2.894915264827   0.010003518475  13.749999999998   0.876980762690   8.553392365865   8.553392365865   8.553392365865
    3    6 -175.853941406493   0.073333333333 -31.040111757965  -4.998331006284  -9.962735664352  -0.866883660778  10.832885283135   0.000000000000   1.910129954336   0.846121405059  -1.382716357034  -2.479385300106   0.013382698493  13.750000000000   0.845987753067  15.190279393490  15.190279393490  15.190279393490
    4    6 -175.846385850937   0.100000000000 -31.041111757965  -4.998331006284  -9.962735664352  -0.866883660778  10.832885283135   0.000000000000   1.910129954336   0.807012769037  -1.563783689625  -4.285593104231   0.013382698493  13.750000000000   0.806767293175  15.190279393490  15.190279393490  15.190279393490
    5    6 -175.838830295382   0.126666666667 -31.042111757965  -4.998331006284  -9.962735664352  -0.866883660778  10.832885283135   0.000000000000   1.910129954336   0.762001224782  -1.806064053724  -4.766406543996   0.013382698493  13.750000000000   0.761721842002  15.190279393490  15.190279393490  15.190279393490
    6    6 -175.831469184241   0.150000000000 -31.043611757965  -9.268054949402  -9.872041437434  -1.602580558045  10.832885283133   0.000000000000   1.910129954336   0.716970969544  -2.016991330738  -4.114829589105   0.010128306879  13.749999999998   0.716829928308  18.328699138510  18.328699138510  18.328699138510
    7    6 -175.824302517574   0.170000000000 -31.045611757965  -9.268054949402  -9.872041437434  -1.602580558045  10.832885283133   0.000000000000   1.910129954336   0.674183211313  -2.231464305325  -6.472970382955   0.010128306879  13.749999999998   0.673956190057  18.328699138510  18.328699138510  18.328699138510
    8    6 -175.817135850908   0.190000000000 -31.047611757965  -9.268054949402  -9.872041437434  -1.602580558045  10.832885283133   0.000000000000   1.910129954336   0.626158368606  -2.526657551331  -8.099714347261   0.010128306879  13.749999999998   0.625870204512  18.328699138510  18.328699138510  18.328699138510
    9    6 -175.809969184241   0.210000000000 -31.049611757965  -9.268054949402  -9.872041437434  -1.602580558045  10.832885283133   0.000000000000   1.910129954336   0.571439877323  -2.896943655445 -10.180048920544   0.010128306879  13.749999999998   0.571075398197  18.328699138510  18.328699138510  18.328699138510
   10    6 -175.801385850908   0.230000000000 -31.053486757965 -20.589366339294  -9.372958309296  -3.501030574821  10.832885283133   0.000000000000   1.910129954336   0.507436624793  -3.202707217634  -4.668285086427   0.010662399716  13.749999999998   0.507238925078  22.538011668534  22.538011668534  22.538011668534
   11    6 -175.791385850908   0.250000000000 -31.059236757965 -20.589366339294  -9.372958309296  -3.501030574821  10.832885283133   0.000000000000   1.910129954336   0.435299443560  -3.723912155512 -19.772973530155   0.010662399716  13.749999999998   0.434526678984  22.538011668534  22.538011668534  22.538011668534
   12    6 -175.781385851026   0.270000000000 -31.064986757965 -20.589366339291  -9.372958309290  -3.501030574818  10.832885283140   0.000000000000   1.910129954336   0.346194073792  -4.698896997302 -25.947730426432   0.010662399716  13.750000000007   0.345189251023  22.538011668536  22.538011668536  22.538011668536
   13    6 -175.771385850908   0.290000000000 -31.070736757965 -20.589366339294  -9.372958309296  -3.501030574821  10.832885283133   0.000000000000   1.910129954336   0.191856309028 -13.746560341934 -398.331211715112   0.010662399716  13.749999999998   0.176751004793  22.538011668534  22.538011668534  22.538011668534
   14    6 -175.186260850908   0.025000000000 -31.039611757965  -0.589308740512  -9.999481735229  -0.102330639012  10.832885283133   0.000000000000   1.910129954336   0.301919404827  -0.297728025481  -5.954255045410   0.025001282546  13.749999999998   0.300690281908   3.287695504213   3.287695504213   3.287695504213
   15    6 -175.183344184241   0.075000000000 -31.039611757957  -0.589308740512  -9.999481735227  -0.102330639012  10.832885283133   0.000000000000   1.910129954336   0.275317568694  -0.639397590990  -0.878785717218   0.025001282546  13.749999999998   0.275118705215   3.287695504213   3.287695504213   3.287695504213
   16    6 -175.180427517574   0.125000000000 -31.039611757965  -0.589308740512  -9.999481735229  -0.102330639012  10.832885283133   0.000000000000   1.910129954336   0.240378404439  -0.788913899267  -2.111387046980   0.025001282546  13.749999999998   0.239891382062   3.287695504213   3.287695504213   3.287695504213
   17    6 -175.177510850967   0.175000000000 -31.039611757965  -0.589308740512  -9.999481735226  -0.102330639012  10.832885283136   0.000000000000   1.910129954336   0.153319412670  -4.386470822664 -69.836060384770   0.025001282546  13.750000000003   0.138733861062   3.287695504213   3.287695504213   3.287695504213

    0    7 -202.947571280996   0.010000000000 -35.814936643806  -1.543108875400  -9.996446627832  -0.267926627867  10.832885283135   0.000000000000   1.910129954336   0.918431027522  -0.487320670318 -24.357463403774   0.010003518475  13.750000000000   0.917613183931   8.553392365865   8.553392365865   8.553392365865
    1    7 -202.944515725475   0.030000000000 -35.814936643806  -1.543108875400  -9.996446627830  -0.267926627867  10.832885283136   0.000000000000   1.910129954336   0.900803914359  -1.087579306247  -5.644912132418   0.010003518475  13.750000000003   0.900610561285   8.553392365865   8.553392365865   8.553392365865
    2    7 -202.941460169851   0.050000000000 -35.814936643797  -1.543108875400  -9.996446627831  -0.267926627867  10.832885283133   0.000000000000   1.910129954336   0.877060314179  -1.258435948527  -2.894915264827   0.010003518475  13.749999999998   0.876959180812   8.553392365865   8.553392365865   8.553392365865
    3    7 -202.936154614329   0.073333333333 -35.815436643806  -4.998331006284  -9.962735664352  -0.866883660778  10.832885283135   0.000000000000   1.910129954336   0.846121405059  -1.382716357034  -2.479385300106   0.013382698493  13.750000000000   0.845969583274  15.190279393490  15.190279393490  15.190279393490
    4    7 -202.928599058774   0.100000000000 -35.816436643806  -4.998331006284  -9.962735664352  -0.866883660778  10.832885283135   0.000000000000   1.910129954336   0.807012769037  -1.563783689625  -4.285593104231   0.013382698493  13.750000000000   0.806754272346  15.190279393490  15.190279393490  15.190279393490
    5    7 -202.921043503218   0.126666666667 -35.817436643806  -4.998331006284  -9.962735664352  -0.866883660778  10.832885283135   0.000000000000   1.910129954336   0.762001224782  -1.806064053724  -4.766406543996   0.013382698493  13.750000000000   0.761715527177  15.190279393490  15.190279393490  15.190279393490
    6    7 -202.913682392073   0.150000000000 -35.818936643806  -9.268054949402  -9.872041437434  -1.602580558045  10.832885283133   0.000000000000   1.910129954336   0.716970969544  -2.016991330738  -4.114829589105   0.010128306879  13.749999999998   0.716830706526  18.328699138510  18.328699138510  18.328699138510
    7    7 -202.906515725406   0.170000000000 -35.820936643806  -9.268054949402  -9.872041437434  -1.602580558045  10.832885283133   0.000000000000   1.910129954336   0.674183211313  -2.231464305325  -6.472970382955   0.010128306879  13.749999999998   0.673963851885  18.328699138510  18.328699138510  18.328699138510
    8    7 -202.899349058740   0.190000000000 -35.822936643806  -9.268054949402  -9.872041437434  -1.602580558045  10.832885283133   0.000000000000   1.910129954336   0.626158368606  -2.526657551331  -8.099714347261   0.010128306879  13.749999999998   0.625884961512  18.328699138510  18.328699138510  18.328699138510
    9    7 -202.892182392073   0.210000000000 -35.824936643806  -9.268054949402  -9.872041437434  -1.602580558045  10.832885283133   0.000000000000   1.910129954336   0.571439877323  -2.896943655445 -10.180048920544   0.010128306879  13.749999999998   0.571096797717  18.328699138510  18.328699138510  18.328699138510
   10    7 -202.883599058740   0.230000000000 -35.828811643806 -20.589366339294  -9.372958309296  -3.501030574821  10.832885283133   0.000000000000   1.910129954336   0.507436624793  -3.202707217634  -4.668285086427   0.010662399716  13.749999999998   0.507265954244  22.538011668534  22.538011668534  22.538011668534
   11    7 -202.873599058740   0.250000000000 -35.834561643806 -20.589366339294  -9.372958309296  -3.501030574821  10.832885283133   0.000000000000   1.910129954336   0.435299443560  -3.723912155512 -19.772973530155   0.010662399716  13.749999999998   0.434557044654  22.538011668534  22.538011668534  22.538011668534
   12    7 -202.863599058876   0.270000000000 -35.840311643806 -20.589366339291  -9.372958309290  -3.501030574818  10.832885283140   0.000000000000   1.910129954336   0.346194073792  -4.698896997302 -25.947730426432   0.010662399716  13.750000000007   0.345216967927  22.538011668536  22.538011668536  22.538011668536
   13    7 -202.853599058740   0.290000000000 -35.846061643806 -20.589366339294  -9.372958309296  -3.501030574821  10.832885283133   0.000000000000   1.910129954336   0.191856309028 -13.746560341934 -398.331211715112   0.010662399716  13.749999999998   0.176764190450  22.538011668534  22.538011668534  22.538011668534
   14    7 -202.268474058740   0.025000000000 -35.814936643806  -0.589308740512  -9.999481735229  -0.102330639012  10.832885283133   0.000000000000   1.910129954336   0.301919404827  -0.297728025481  -5.954255045410   0.025001282546  13.749999999998   0.300676448254   3.287695504213   3.287695504213   3.287695504213
   15    7 -202.265557392073   0.075000000000 -35.814936643797  -0.589308740512  -9.999481735227  -0.102330639012  10.832885283133   0.000000000000   1.910129954336   0.275317568694  -0.639397590990  -0.878785717218   0.025001282546  13.749999999998   0.275140856683   3.287695504213   3.287695504213   3.287695504213
   16    7 -202.262640725406   0.125000000000 -35.814936643806  -0.589308740512  -9.999481735229  -0.102330639012  10.832885283133   0.000000000000   1.910129954336   0.240378404439  -0.788913899267  -2.111387046980   0.025001282546  13.749999999998   0.239954228397   3.287695504213   3.287695504213   3.287695504213
   17    7 -202.259724058808   0.175000000000 -35.814936643806  -0.589308740512  -9.999481735226  -0.102330639012  10.832885283136   0.000000000000   1.910129954336   0.153319412670  -4.386470822664 -69.836060384770   0.025001282546  13.750000000003   0.138779548224   3.287695504213   3.287695504213   3.287695504213

    0    8 -230.029784488833   0.010000000000 -40.590261529646  -1.543108875400  -9.996446627832  -0.267926627867  10.832885283135   0.000000000000   1.910129954336   0.918431027522  -0.487320670318 -24.357463403774   0.010003518475  13.750000000000   0.917619978972   8.553392365865   8.553392365865   8.553392365865
    1    8 -230.026728933316   0.030000000000 -40.590261529646  -1.543108875400  -9.996446627830  -0.267926627867  10.832885283136   0.000000000000   1.910129954336   0.900803914359  -1.087579306247  -5.644912132418   0.010003518475  13.750000000003   0.900616971029   8.553392365865   8.553392365865   8.553392365865
    2    8 -230.023673377683   0.050000000000 -40.590261529637  -1.543108875400  -9.996446627831  -0.267926627867  10.832885283133   0.000000000000   1.910129954336   0.877060314179  -1.258435948527  -2.894915264827   0.010003518475  13.749999999998   0.876964962035   8.553392365865   8.553392365865   8.553392365865
    3    8 -230.018367822166   0.073333333333 -40.590761529646  -4.998331006284  -9.962735664352  -0.866883660778  10.832885283135   0.000000000000   1.910129954336   0.846121405059  -1.382716357034  -2.479385300106   0.013382698493  13.750000000000   0.845974382304  15.190279393490  15.190279393490  15.190279393490
    4    8 -230.010812266610   0.100000000000 -40.591761529646  -4.998331006284  -9.962735664352  -0.866883660778  10.832885283135   0.000000000000   1.910129954336   0.807012769037  -1.563783689625  -4.285593104231   0.013382698493  13.750000000000   0.806757586073  15.190279393490  15.190279393490  15.190279393490
    5    8 -230.003256711055   0.126666666667 -40.592761529646  -4.998331006284  -9.962735664352  -0.866883660778  10.832885283135   0.000000000000   1.910129954336   0.762001224782  -1.806064053724  -4.766406543996   0.013382698493  13.750000000000   0.761716906638  15.190279393490  15.190279393490  15.190279393490
    6    8 -229.995895599905   0.150000000000 -40.594261529646  -9.268054949402  -9.872041437434  -1.602580558045  10.832885283133   0.000000000000   1.910129954336   0.716970969544  -2.016991330738  -4.114829589105   0.010128306879  13.749999999998   0.716830042950  18.328699138510  18.328699138510  18.328699138510
    7    8 -229.988728933238   0.170000000000 -40.596261529646  -9.268054949402  -9.872041437434  -1.602580558045  10.832885283133   0.000000000000   1.910129954336   0.674183211313  -2.231464305325  -6.472970382955   0.010128306879  13.749999999998   0.673961212386  18.328699138510  18.328699138510  18.328699138510
    8    8 -229.981562266572   0.190000000000 -40.598261529646  -9.268054949402  -9.872041437434  -1.602580558045  10.832885283133   0.000000000000   1.910129954336   0.626158368606  -2.526657551331  -8.099714347261   0.010128306879  13.749999999998   0.625880299453  18.328699138510  18.328699138510  18.328699138510
    9    8 -229.974395599905   0.210000000000 -40.600261529646  -9.268054949402  -9.872041437434  -1.602580558045  10.832885283133   0.000000000000   1.910129954336   0.571439877323  -2.896943655445 -10.180048920544   0.010128306879  13.749999999998   0.571090265914  18.328699138510  18.328699138510  18.328699138510
   10    8 -229.965812266572   0.230000000000 -40.604136529646 -20.589366339294  -9.372958309296  -3.501030574821  10.832885283133   0.000000000000   1.910129954336   0.507436624793  -3.202707217634  -4.668285086427   0.010662399716  13.749999999998   0.507257874426  22.538011668534  22.538011668534  22.538011668534
   11    8 -229.955812266572   0.250000000000 -40.609886529646 -20.589366339294  -9.372958309296  -3.501030574821  10.832885283133   0.000000000000   1.910129954336   0.435299443560  -3.723912155512 -19.772973530155   0.010662399716  13.749999999998   0.434548128003  22.538011668534  22.538011668534  22.538011668534
   12    8 -229.945812266726   0.270000000000 -40.615636529646 -20.589366339291  -9.372958309290  -3.501030574818  10.832885283140   0.000000000000   1.910129954336   0.346194073792  -4.698896997302 -25.947730426432   0.010662399716  13.750000000007   0.345209005346  22.538011668536  22.538011668536  22.538011668536
   13    8 -229.935812266572   0.290000000000 -40.621386529646 -20.589366339294  -9.372958309296  -3.501030574821  10.832885283133   0.000000000000   1.910129954336   0.191856309028 -13.746560341934 -398.331211715112   0.010662399716  13.749999999998   0.176760517666  22.538011668534  22.538011668534  22.538011668534
   14    8 -229.350687266572   0.025000000000 -40.590261529646  -0.589308740512  -9.999481735229  -0.102330639012  10.832885283133   0.000000000000   1.910129954336   0.301919404827  -0.297728025481  -5.954255045410   0.025001282546  13.749999999998   0.300679231119   3.287695504213   3.287695504213   3.287695504213
   15    8 -229.347770599905   0.075000000000 -40.590261529637  -0.589308740512  -9.999481735227  -0.102330639012  10.832885283133   0.000000000000   1.910129954336   0.275317568694  -0.639397590990  -0.878785717218   0.025001282546  13.749999999998   0.275132153926   3.287695504213   3.287695504213   3.287695504213
   16    8 -229.344853933238   0.125000000000 -40.590261529646  -0.589308740512  -9.999481735229  -0.102330639012  10.832885283133   0.000000000000   1.910129954336   0.240378404439  -0.788913899267  -2.111387046980   0.025001282546  13.749999999998   0.239933431774   3.287695504213   3.287695504213   3.287695504213
   17    8 -229.341937266649   0.175000000000 -40.590261529646  -0.589308740512  -9.999481735226  -0.102330639012  10.832885283136   0.000000000000   1.910129954336   0.153319412670  -4.386470822664 -69.836060384770   0.025001282546  13.750000000003   0.138765465658   3.287695504213   3.287695504213   3.287695504213

    0    9 -257.111997696669   0.010000000000 -45.365586415487  -1.543108875400  -9.996446627832  -0.267926627867  10.832885283135   0.000000000000   1.910129954336   0.918431027522  -0.487320670318 -24.357463403774   0.010003518475  13.750000000000   0.917618158723   8.553392365865   8.553392365865   8.553392365865
    1    9 -257.108942141157   0.030000000000 -45.365586415487  -1.543108875400  -9.996446627830  -0.267926627867  10.832885283136   0.000000000000   1.910129954336   0.900803914359  -1.087579306247  -5.644912132418   0.010003518475  13.750000000003   0.900615260560   8.553392365865   8.553392365865   8.553392365865
    2    9 -257.105886585515   0.050000000000 -45.365586415476  -1.543108875400  -9.996446627831  -0.267926627867  10.832885283133   0.000000000000   1.910129954336   0.877060314179  -1.258435948527  -2.894915264827   0.010003518475  13.749999999998   0.876963431347   8.553392365865   8.553392365865   8.553392365865
    3    9 -257.100581030002   0.073333333333 -45.366086415487  -4.998331006284  -9.962735664352  -0.866883660778  10.832885283135   0.000000000000   1.910129954336   0.846121405059  -1.382716357034  -2.479385300106   0.013382698493  13.750000000000   0.845973133487  15.190279393490  15.190279393490  15.190279393490
    4    9 -257.093025474447   0.100000000000 -45.367086415487  -4.998331006284  -9.962735664352  -0.866883660778  10.832885283135   0.000000000000   1.910129954336   0.807012769037  -1.563783689625  -4.285593104231   0.013382698493  13.750000000000   0.806756763655  15.190279393490  15.190279393490  15.190279393490
    5    9 -257.085469918891   0.126666666667 -45.368086415487  -4.998331006284  -9.962735664352  -0.866883660778  10.832885283135   0.000000000000   1.910129954336   0.762001224782  -1.806064053724  -4.766406543996   0.013382698493  13.750000000000   0.761716638082  15.190279393490  15.190279393490  15.190279393490
    6    9 -257.078108807737   0.150000000000 -45.369586415487  -9.268054949402  -9.872041437434  -1.602580558045  10.832885283133   0.000000000000   1.910129954336   0.716970969544  -2.016991330738  -4.114829589105   0.010128306879  13.749999999998   0.716830357264  18.328699138510  18.328699138510  18.328699138510
    7    9 -257.070942141070   0.170000000000 -45.371586415487  -9.268054949402  -9.872041437434  -1.602580558045  10.832885283133   0.000000000000   1.910129954336   0.674183211313  -2.231464305325  -6.472970382955   0.010128306879  13.749999999998   0.673962087415  18.328699138510  18.328699138510  18.328699138510
    8    9 -257.063775474404   0.190000000000 -45.373586415487  -9.268054949402  -9.872041437434  -1.602580558045  10.832885283133   0.000000000000   1.910129954336   0.626158368606  -2.526657551331  -8.099714347261   0.010128306879  13.749999999998   0.625881743490  18.328699138510  18.328699138510  18.328699138510
    9    9 -257.056608807737   0.210000000000 -45.375586415487  -9.268054949402  -9.872041437434  -1.602580558045  10.832885283133   0.000000000000   1.910129954336   0.571439877323  -2.896943655445 -10.180048920544   0.010128306879  13.749999999998   0.571092228394  18.328699138510  18.328699138510  18.328699138510
   10    9 -257.048025474404   0.230000000000 -45.379461415487 -20.589366339294  -9.372958309296  -3.501030574821  10.832885283133   0.000000000000   1.910129954336   0.507436624793  -3.202707217634  -4.668285086427   0.010662399716  13.749999999998   0.507260255024  22.538011668534  22.538011668534  22.538011668534
   11    9 -257.038025474404   0.250000000000 -45.385211415487 -20.589366339294  -9.372958309296  -3.501030574821  10.832885283133   0.000000000000   1.910129954336   0.435299443560  -3.723912155512 -19.772973530155   0.010662399716  13.749999999998   0.434550710984  22.538011668534  22.538011668534  22.538011668534
   12    9 -257.028025474576   0.270000000000 -45.390961415487 -20.589366339291  -9.372958309290  -3.501030574818  10.832885283140   0.000000000000   1.910129954336   0.346194073792  -4.698896997302 -25.947730426432   0.010662399716  13.750000000007   0.345211265431  22.538011668536  22.538011668536  22.538011668536
   13    9 -257.018025474404   0.290000000000 -45.396711415487 -20.589366339294  -9.372958309296  -3.501030574821  10.832885283133   0.000000000000   1.910129954336   0.191856309028 -13.746560341934 -398.331211715112   0.010662399716  13.749999999998   0.176761530468  22.538011668534  22.538011668534  22.538011668534
   14    9 -256.432900474404   0.025000000000 -45.365586415487  -0.589308740512  -9.999481735229  -0.102330639012  10.832885283133   0.000000000000   1.910129954336   0.301919404827  -0.297728025481  -5.954255045410   0.025001282546  13.749999999998   0.300678756704   3.287695504213   3.287695504213   3.287695504213
   15    9 -256.429983807737   0.075000000000 -45.365586415476  -0.589308740512  -9.999481735227  -0.102330639012  10.832885283133   0.000000000000   1.910129954336   0.275317568694  -0.639397590990  -0.878785717218   0.025001282546  13.749999999998   0.275135258526   3.287695504213   3.287695504213   3.287695504213
   16    9 -256.427067141070   0.125000000000 -45.365586415487  -0.589308740512  -9.999481735229  -0.102330639012  10.832885283133   0.000000000000   1.910129954336   0.240378404439  -0.788913899267  -2.111387046980   0.025001282546  13.749999999998   0.239940065805   3.287695504213   3.287695504213   3.287695504213
   17    9 -256.424150474490   0.175000000000 -45.365586415487  -0.589308740512  -9.999481735226  -0.102330639012  10.832885283136   0.000000000000   1.910129954336   0.153319412670  -4.386470822664 -69.836060384770   0.025001282546  13.750000000003   0.138769716174   3.287695504213   3.287695504213   3.287695504213

    0   10 -284.194210904505   0.010000000000 -50.140911301328  -1.543108875400  -9.996446627832  -0.267926627867  10.832885283135   0.000000000000   1.910129954336   0.918431027522  -0.487320670318 -24.357463403774   0.010003518475  13.750000000000   0.917618640602   8.553392365865   8.553392365865   8.553392365865
    1   10 -284.191155348998   0.030000000000 -50.140911301328  -1.543108875400  -9.996446627830  -0.267926627867  10.832885283136   0.000000000000   1.910129954336   0.900803914359  -1.087579306247  -5.644912132418   0.010003518475  13.750000000003   0.900615711298   8.553392365865   8.553392365865   8.553392365865
    2   10 -284.188099793347   0.050000000000 -50.140911301316  -1.543108875400  -9.996446627831  -0.267926627867  10.832885283133   0.000000000000   1.910129954336   0.877060314179  -1.258435948527  -2.894915264827   0.010003518475  13.749999999998   0.876963830897   8.553392365865   8.553392365865   8.553392365865
    3   10 -284.182794237839   0.073333333333 -50.141411301328  -4.998331006284  -9.962735664352  -0.866883660778  10.832885283135   0.000000000000   1.910129954336   0.846121405059  -1.382716357034  -2.479385300106   0.013382698493  13.750000000000   0.845973452565  15.190279393490  15.190279393490  15.190279393490
    4   10 -284.175238682283   0.100000000000 -50.142411301328  -4.998331006284  -9.962735664352  -0.866883660778  10.832885283135   0.000000000000   1.910129954336   0.807012769037  -1.563783689625  -4.285593104231   0.013382698493  13.750000000000   0.806756961100  15.190279393490  15.190279393490  15.190279393490
    5   10 -284.167683126728   0.126666666667 -50.143411301328  -4.998331006284  -9.962735664352  -0.866883660778  10.832885283135   0.000000000000   1.910129954336   0.762001224782  -1.806064053724  -4.766406543996   0.013382698493  13.750000000000   0.761716678200  15.190279393490  15.190279393490  15.190279393490
    6   10 -284.160322015569   0.150000000000 -50.144911301328  -9.268054949402  -9.872041437434  -1.602580558045  10.832885283133   0.000000000000   1.910129954336   0.716970969544  -2.016991330738  -4.114829589105   0.010128306879  13.749999999998   0.716830232677  18.328699138510  18.328699138510  18.328699138510
    7   10 -284.153155348902   0.170000000000 -50.146911301328  -9.268054949402  -9.872041437434  -1.602580558045  10.832885283133   0.000000000000   1.910129954336   0.674183211313  -2.231464305325  -6.472970382955   0.010128306879  13.749999999998   0.673961805453  18.328699138510  18.328699138510  18.328699138510
    8   10 -284.145988682236   0.190000000000 -50.148911301328  -9.268054949402  -9.872041437434  -1.602580558045  10.832885283133   0.000000000000   1.910129954336   0.626158368606  -2.526657551331  -8.099714347261   0.010128306879  13.749999999998   0.625881303433  18.328699138510  18.328699138510  18.328699138510
    9   10 -284.138822015569   0.210000000000 -50.150911301328  -9.268054949402  -9.872041437434  -1.602580558045  10.832885283133   0.000000000000   1.910129954336   0.571439877323  -2.896943655445 -10.180048920544   0.010128306879  13.749999999998   0.571091646647  18.328699138510  18.328699138510  18.328699138510
   10   10 -284.130238682236   0.230000000000 -50.154786301328 -20.589366339294  -9.372958309296  -3.501030574821  10.832885283133   0.000000000000   1.910129954336   0.507436624793  -3.202707217634  -4.668285086427   0.010662399716  13.749999999998   0.507259562385  22.538011668534  22.538011668534  22.538011668534
   11   10 -284.120238682236   0.250000000000 -50.160536301328 -20.589366339294  -9.372958309296  -3.501030574821  10.832885283133   0.000000000000   1.910129954336   0.435299443560  -3.723912155512 -19.772973530155   0.010662399716  13.749999999998   0.434549971777  22.538011668534  22.538011668534  22.538011668534
   12   10 -284.110238682426   0.270000000000 -50.166286301328 -20.589366339291  -9.372958309290  -3.501030574818  10.832885283140   0.000000000000   1.910129954336   0.346194073792  -4.698896997302 -25.947730426432   0.010662399716  13.750000000007   0.345210631263  22.538011668536  22.538011668536  22.538011668536
   13   10 -284.100238682236   0.290000000000 -50.172036301328 -20.589366339294  -9.372958309296  -3.501030574821  10.832885283133   0.000000000000   1.910129954336   0.191856309028 -13.746560341934 -398.331211715112   0.010662399716  13.749999999998   0.176761254222  22.538011668534  22.538011668534  22.538011668534
   14   10 -283.515113682235   0.025000000000 -50.140911301328  -0.589308740512  -9.999481735229  -0.102330639012  10.832885283133   0.000000000000   1.910129954336   0.301919404827  -0.297728025481  -5.954255045410   0.025001282546  13.749999999998   0.300678802812   3.287695504213   3.287695504213   3.287695504213
   15   10 -283.512197015569   0.075000000000 -50.140911301316  -0.589308740512  -9.999481735227  -0.102330639012  10.832885283133   0.000000000000   1.910129954336   0.275317568694  -0.639397590990  -0.878785717218   0.025001282546  13.749999999998   0.275134211541   3.287695504213   3.287695504213   3.287695504213
   16   10 -283.509280348902   0.125000000000 -50.140911301328  -0.589308740512  -9.999481735229  -0.102330639012  10.832885283133   0.000000000000   1.910129954336   0.240378404439  -0.788913899267  -2.111387046980   0.025001282546  13.749999999998   0.239938004427   3.287695504213   3.287695504213   3.287695504213
   17   10 -283.506363682331   0.175000000000 -50.140911301328  -0.589308740512  -9.999481735226  -0.102330639012  10.832885283136   0.000000000000   1.910129954336   0.153319412670  -4.386470822664 -69.836060384770   0.025001282546  13.750000000003   0.138768454100   3.287695504213   3.287695504213   3.287695504213

    0   11 -311.276424112342   0.010000000000 -54.916236187169  -1.543108875400  -9.996446627832  -0.267926627867  10.832885283135   0.000000000000   1.910129954336   0.918431027522  -0.487320670318 -24.357463403774   0.010003518475  13.750000000000   0.917618514858   8.553392365865   8.553392365865   8.553392365865
    1   11 -311.273368556839   0.030000000000 -54.916236187169  -1.543108875400  -9.996446627830  -0.267926627867  10.832885283136   0.000000000000   1.910129954336   0.900803914359  -1.087579306247  -5.644912132418   0.010003518475  13.750000000003   0.900615594334   8.553392365865   8.553392365865   8.553392365865
    2   11 -311.270313001179   0.050000000000 -54.916236187156  -1.543108875400  -9.996446627831  -0.267926627867  10.832885283133   0.000000000000   1.910129954336   0.877060314179  -1.258435948527  -2.894915264827   0.010003518475  13.749999999998   0.876963728416   8.553392365865   8.553392365865   8.553392365865
    3   11 -311.265007445675   0.073333333333 -54.916736187169  -4.998331006284  -9.962735664352  -0.866883660778  10.832885283135   0.000000000000   1.910129954336   0.846121405059  -1.382716357034  -2.479385300106   0.013382698493  13.750000000000   0.845973372905  15.190279393490  15.190279393490  15.190279393490
    4   11 -311.257451890120   0.100000000000 -54.917736187169  -4.998331006284  -9.962735664352  -0.866883660778  10.832885283135   0.000000000000   1.910129954336   0.807012769037  -1.563783689625  -4.285593104231   0.013382698493  13.750000000000   0.806756915878  15.190279393490  15.190279393490  15.190279393490
    5   11 -311.249896334564   0.126666666667 -54.918736187169  -4.998331006284  -9.962735664352  -0.866883660778  10.832885283135   0.000000000000   1.910129954336   0.762001224782  -1.806064053724  -4.766406543996   0.013382698493  13.750000000000   0.761716677285  15.190279393490  15.190279393490  15.190279393490
    6   11 -311.242535223401   0.150000000000 -54.920236187169  -9.268054949402  -9.872041437434  -1.602580558045  10.832885283133   0.000000000000   1.910129954336   0.716970969544  -2.016991330738  -4.114829589105   0.010128306879  13.749999999998   0.716830277850  18.328699138510  18.328699138510  18.328699138510
    7   11 -311.235368556734   0.170000000000 -54.922236187169  -9.268054949402  -9.872041437434  -1.602580558045  10.832885283133   0.000000000000   1.910129954336   0.674183211313  -2.231464305325  -6.472970382955   0.010128306879  13.749999999998   0.673961894313  18.328699138510  18.328699138510  18.328699138510
    8   11 -311.228201890068   0.190000000000 -54.924236187169  -9.268054949402  -9.872041437434  -1.602580558045  10.832885283133   0.000000000000   1.910129954336   0.626158368606  -2.526657551331  -8.099714347261   0.010128306879  13.749999999998   0.625881435674  18.328699138510  18.328699138510  18.328699138510
    9   11 -311.221035223401   0.210000000000 -54.926236187169  -9.268054949402  -9.872041437434  -1.602580558045  10.832885283133   0.000000000000   1.910129954336   0.571439877323  -2.896943655445 -10.180048920544   0.010128306879  13.749999999998   0.571091817043  18.328699138510  18.328699138510  18.328699138510
   10   11 -311.212451890067   0.230000000000 -54.930111187169 -20.589366339294  -9.372958309296  -3.501030574821  10.832885283133   0.000000000000   1.910129954336   0.507436624793  -3.202707217634  -4.668285086427   0.010662399716  13.749999999998   0.507259761609  22.538011668534  22.538011668534  22.538011668534
   11   11 -311.202451890067   0.250000000000 -54.935861187169 -20.589366339294  -9.372958309296  -3.501030574821  10.832885283133   0.000000000000   1.910129954336   0.435299443560  -3.723912155512 -19.772973530155   0.010662399716  13.749999999998   0.434550180923  22.538011668534  22.538011668534  22.538011668534
   12   11 -311.192451890277   0.270000000000 -54.941611187169 -20.589366339291  -9.372958309290  -3.501030574818  10.832885283140   0.000000000000   1.910129954336   0.346194073792  -4.698896997302 -25.947730426432   0.010662399716  13.750000000007   0.345210807188  22.538011668536  22.538011668536  22.538011668536
   13   11 -311.182451890068   0.290000000000 -54.947361187169 -20.589366339294  -9.372958309296  -3.501030574821  10.832885283133   0.000000000000   1.910129954336   0.191856309028 -13.746560341934 -398.331211715112   0.010662399716  13.749999999998   0.176761328674  22.538011668534  22.538011668534  22.538011668534
   14   11 -310.597326890067   0.025000000000 -54.916236187169  -0.589308740512  -9.999481735229  -0.102330639012  10.832885283133   0.000000000000   1.910129954336   0.301919404827  -0.297728025481  -5.954255045410   0.025001282546  13.749999999998   0.300678814583   3.287695504213   3.287695504213   3.287695504213
   15   11 -310.594410223401   0.075000000000 -54.916236187156  -0.589308740512  -9.999481735227  -0.102330639012  10.832885283133   0.000000000000   1.910129954336   0.275317568694  -0.639397590990  -0.878785717218   0.025001282546  13.749999999998   0.275134551494   3.287695504213   3.287695504213   3.287695504213
   16   11 -310.591493556734   0.125000000000 -54.916236187169  -0.589308740512  -9.999481735229  -0.102330639012  10.832885283133   0.000000000000   1.910129954336   0.240378404439  -0.788913899267  -2.111387046980   0.025001282546  13.749999999998   0.239938632032   3.287695504213   3.287695504213   3.287695504213
   17   11 -310.588576890172   0.175000000000 -54.916236187169  -0.589308740512  -9.999481735226  -0.102330639012  10.832885283136   0.000000000000   1.910129954336   0.153319412670  -4.386470822664 -69.836060384770   0.025001282546  13.750000000003   0.138768823699   3.287695504213   3.287695504213   3.287695504213

    0   12 -338.358637320179   0.010000000000 -59.691561073009  -1.543108875400  -9.996446627832  -0.267926627867  10.832885283135   0.000000000000   1.910129954336   0.918431027522  -0.487320670318 -24.357463403774   0.010003518475  13.750000000000   0.917618547102   8.553392365865   8.553392365865   8.553392365865
    1   12 -338.355581764680   0.030000000000 -59.691561073009  -1.543108875400  -9.996446627830  -0.267926627867  10.832885283136   0.000000000000   1.910129954336   0.900803914359  -1.087579306247  -5.644912132418   0.010003518475  13.750000000003   0.900615624121   8.553392365865   8.553392365865   8.553392365865
    2   12 -338.352526209011   0.050000000000 -59.691561072995  -1.543108875400  -9.996446627831  -0.267926627867  10.832885283133   0.000000000000   1.910129954336   0.877060314179  -1.258435948527  -2.894915264827   0.010003518475  13.749999999998   0.876963754135   8.553392365865   8.553392365865   8.553392365865
    3   12 -338.347220653512   0.073333333333 -59.692061073009  -4.998331006284  -9.962735664352  -0.866883660778  10.832885283135   0.000000000000   1.910129954336   0.846121405059  -1.382716357034  -2.479385300106   0.013382698493  13.750000000000   0.845973392201  15.190279393490  15.190279393490  15.190279393490
    4   12 -338.339665097956   0.100000000000 -59.693061073009  -4.998331006284  -9.962735664352  -0.866883660778  10.832885283135   0.000000000000   1.910129954336   0.807012769037  -1.563783689625  -4.285593104231   0.013382698493  13.750000000000   0.806756925503  15.190279393490  15.190279393490  15.190279393490
    5   12 -338.332109542401   0.126666666667 -59.694061073009  -4.998331006284  -9.962735664352  -0.866883660778  10.832885283135   0.000000000000   1.910129954336   0.762001224782  -1.806064053724  -4.766406543996   0.013382698493  13.750000000000   0.761716674546  15.190279393490  15.190279393490  15.190279393490
    6   12 -338.324748431233   0.150000000000 -59.695561073009  -9.268054949402  -9.872041437434  -1.602580558045  10.832885283133   0.000000000000   1.910129954336   0.716970969544  -2.016991330738  -4.114829589105   0.010128306879  13.749999999998   0.716830262347  18.328699138510  18.328699138510  18.328699138510
    7   12 -338.317581764566   0.170000000000 -59.697561073009  -9.268054949402  -9.872041437434  -1.602580558045  10.832885283133   0.000000000000   1.910129954336   0.674183211313  -2.231464305325  -6.472970382955   0.010128306879  13.749999999998   0.673961866819  18.328699138510  18.328699138510  18.328699138510
    8   12 -338.310415097899   0.190000000000 -59.699561073009  -9.268054949402  -9.872041437434  -1.602580558045  10.832885283133   0.000000000000   1.910129954336   0.626158368606  -2.526657551331  -8.099714347261   0.010128306879  13.749999999998   0.625881396427  18.328699138510  18.328699138510  18.328699138510
    9   12 -338.303248431233   0.210000000000 -59.701561073009  -9.268054949402  -9.872041437434  -1.602580558045  10.832885283133   0.000000000000   1.910129954336   0.571439877323  -2.896943655445 -10.180048920544   0.010128306879  13.749999999998   0.571091767680  18.328699138510  18.328699138510  18.328699138510
   10   12 -338.294665097899   0.230000000000 -59.705436073009 -20.589366339294  -9.372958309296  -3.501030574821  10.832885283133   0.000000000000   1.910129954336   0.507436624793  -3.202707217634  -4.668285086427   0.010662399716  13.749999999998   0.507259704920  22.538011668534  22.538011668534  22.538011668534
   11   12 -338.284665097899   0.250000000000 -59.711186073009 -20.589366339294  -9.372958309296  -3.501030574821  10.832885283133   0.000000000000   1.910129954336   0.435299443560  -3.723912155512 -19.772973530155   0.010662399716  13.749999999998   0.434550122397  22.538011668534  22.538011668534  22.538011668534
   12   12 -338.274665098127   0.270000000000 -59.716936073009 -20.589366339291  -9.372958309290  -3.501030574818  10.832885283140   0.000000000000   1.910129954336   0.346194073792  -4.698896997302 -25.947730426432   0.010662399716  13.750000000007   0.345210758955  22.538011668536  22.538011668536  22.538011668536
   13   12 -338.264665097899   0.290000000000 -59.722686073009 -20.589366339294  -9.372958309296  -3.501030574821  10.832885283133   0.000000000000   1.910129954336   0.191856309028 -13.746560341934 -398.331211715112   0.010662399716  13.749999999998   0.176761308888  22.538011668534  22.538011668534  22.538011668534
   14   12 -337.679540097899   0.025000000000 -59.691561073009  -0.589308740512  -9.999481735229  -0.102330639012  10.832885283133   0.000000000000   1.910129954336   0.301919404827  -0.297728025481  -5.954255045410   0.025001282546  13.749999999998   0.300678804312   3.287695504213   3.287695504213   3.287695504213
   15   12 -337.676623431233   0.075000000000 -59.691561072995  -0.589308740512  -9.999481735227  -0.102330639012  10.832885283133   0.000000000000   1.910129954336   0.275317568694  -0.639397590990  -0.878785717218   0.025001282546  13.749999999998   0.275134444149   3.287695504213   3.287695504213   3.287695504213
   16   12 -337.673706764566   0.125000000000 -59.691561073009  -0.589308740512  -9.999481735229  -0.102330639012  10.832885283133   0.000000000000   1.910129954336   0.240378404439  -0.788913899267  -2.111387046980   0.025001282546  13.749999999998   0.239938444116   3.287695504213   3.287695504213   3.287695504213
   17   12 -337.670790098013   0.175000000000 -59.691561073009  -0.589308740512  -9.999481735226  -0.102330639012  10.832885283136   0.000000000000   1.910129954336   0.153319412670  -4.386470822664 -69.836060384770   0.025001282546  13.750000000003   0.138768716777   3.287695504213   3.287695504213   3.287695504213

    0   13 -365.440850528015   0.010000000000 -64.466885958850  -1.543108875400  -9.996446627832  -0.267926627867  10.832885283135   0.000000000000   1.910129954336   0.918431027522  -0.487320670318 -24.357463403774   0.010003518475  13.750000000000   0.917618539019   8.553392365865   8.553392365865   8.553392365865
    1   13 -365.437794972521   0.030000000000 -64.466885958850  -1.543108875400  -9.996446627830  -0.267926627867  10.832885283136   0.000000000000   1.910129954336   0.900803914359  -1.087579306247  -5.644912132418   0.010003518475  13.750000000003   0.900615616721   8.553392365865   8.553392365865   8.553392365865
    2   13 -365.434739416843   0.050000000000 -64.466885958835  -1.543108875400  -9.996446627831  -0.267926627867  10.832885283133   0.000000000000   1.910129954336   0.877060314179  -1.258435948527  -2.894915264827   0.010003518475  13.749999999998   0.876963747867   8.553392365865   8.553392365865   8.553392365865
    3   13 -365.429433861348   0.073333333333 -64.467385958850  -4.998331006284  -9.962735664352  -0.866883660778  10.832885283135   0.000000000000   1.910129954336   0.846121405059  -1.382716357034  -2.479385300106   0.013382698493  13.750000000000   0.845973387724  15.190279393490  15.190279393490  15.190279393490
    4   13 -365.421878305793   0.100000000000 -64.468385958850  -4.998331006284  -9.962735664352  -0.866883660778  10.832885283135   0.000000000000   1.910129954336   0.807012769037  -1.563783689625  -4.285593104231   0.013382698493  13.750000000000   0.806756923717  15.190279393490  15.190279393490  15.190279393490
    5   13 -365.414322750237   0.126666666667 -64.469385958850  -4.998331006284  -9.962735664352  -0.866883660778  10.832885283135   0.000000000000   1.910129954336   0.762001224782  -1.806064053724  -4.766406543996   0.013382698493  13.750000000000   0.761716676177  15.190279393490  15.190279393490  15.190279393490
    6   13 -365.406961639065   0.150000000000 -64.470885958850  -9.268054949402  -9.872041437434  -1.602580558045  10.832885283133   0.000000000000   1.910129954336   0.716970969544  -2.016991330738  -4.114829589105   0.010128306879  13.749999999998   0.716830267475  18.328699138510  18.328699138510  18.328699138510
    7   13 -365.399794972398   0.170000000000 -64.472885958850  -9.268054949402  -9.872041437434  -1.602580558045  10.832885283133   0.000000000000   1.910129954336   0.674183211313  -2.231464305325  -6.472970382955   0.010128306879  13.749999999998   0.673961875198  18.328699138510  18.328699138510  18.328699138510
    8   13 -365.392628305731   0.190000000000 -64.474885958850  -9.268054949402  -9.872041437434  -1.602580558045  10.832885283133   0.000000000000   1.910129954336   0.626158368606  -2.526657551331  -8.099714347261   0.010128306879  13.749999999998   0.625881407945  18.328699138510  18.328699138510  18.328699138510
    9   13 -365.385461639065   0.210000000000 -64.476885958850  -9.268054949402  -9.872041437434  -1.602580558045  10.832885283133   0.000000000000   1.910129954336   0.571439877323  -2.896943655445 -10.180048920544   0.010128306879  13.749999999998   0.571091781831  18.328699138510  18.328699138510  18.328699138510
   10   13 -365.376878305731   0.230000000000 -64.480760958850 -20.589366339294  -9.372958309296  -3.501030574821  10.832885283133   0.000000000000   1.910129954336   0.507436624793  -3.202707217634  -4.668285086427   0.010662399716  13.749999999998   0.507259720878  22.538011668534  22.538011668534  22.538011668534
   11   13 -365.366878305731   0.250000000000 -64.486510958850 -20.589366339294  -9.372958309296  -3.501030574821  10.832885283133   0.000000000000   1.910129954336   0.435299443560  -3.723912155512 -19.772973530155   0.010662399716  13.749999999998   0.434550138587  22.538011668534  22.538011668534  22.538011668534
   12   13 -365.356878305977   0.270000000000 -64.492260958850 -20.589366339291  -9.372958309290  -3.501030574818  10.832885283140   0.000000000000   1.910129954336   0.346194073792  -4.698896997302 -25.947730426432   0.010662399716  13.750000000007   0.345210772016  22.538011668536  22.538011668536  22.538011668536
   13   13 -365.346878305731   0.290000000000 -64.498010958850 -20.589366339294  -9.372958309296  -3.501030574821  10.832885283133   0.000000000000   1.910129954336   0.191856309028 -13.746560341934 -398.331211715112   0.010662399716  13.749999999998   0.176761314074  22.538011668534  22.538011668534  22.538011668534
   14   13 -364.761753305731   0.025000000000 -64.466885958850  -0.589308740512  -9.999481735229  -0.102330639012  10.832885283133   0.000000000000   1.910129954336   0.301919404827  -0.297728025481  -5.954255045410   0.025001282546  13.749999999998   0.300678809139   3.287695504213   3.287695504213   3.287695504213
   15   13 -364.758836639065   0.075000000000 -64.466885958835  -0.589308740512  -9.999481735227  -0.102330639012  10.832885283133   0.000000000000   1.910129954336   0.275317568694  -0.639397590990  -0.878785717218   0.025001282546  13.749999999998   0.275134477307   3.287695504213   3.287695504213   3.287695504213
   16   13 -364.755919972398   0.125000000000 -64.466885958850  -0.589308740512  -9.999481735229  -0.102330639012  10.832885283133   0.000000000000   1.910129954336   0.240378404439  -0.788913899267  -2.111387046980   0.025001282546  13.749999999998   0.239938499572   3.287695504213   3.287695504213   3.287695504213
   17   13 -364.753003305854   0.175000000000 -64.466885958850  -0.589308740512  -9.999481735226  -0.102330639012  10.832885283136   0.000000000000   1.910129954336   0.153319412670  -4.386470822664 -69.836060384770   0.025001282546  13.750000000003   0.138768747357   3.287695504213   3.287695504213   3.287695504213

    0   14 -392.523063735852   0.010000000000 -69.242210844691  -1.543108875400  -9.996446627832  -0.267926627867  10.832885283135   0.000000000000   1.910129954336   0.918431027522  -0.487320670318 -24.357463403774   0.010003518475  13.750000000000   0.917618540990   8.553392365865   8.553392365865   8.553392365865
    1   14 -392.520008180362   0.030000000000 -69.242210844691  -1.543108875400  -9.996446627830  -0.267926627867  10.832885283136   0.000000000000   1.910129954336   0.900803914359  -1.087579306247  -5.644912132418   0.010003518475  13.750000000003   0.900615618504   8.553392365865   8.553392365865   8.553392365865
    2   14 -392.516952624675   0.050000000000 -69.242210844674  -1.543108875400  -9.996446627831  -0.267926627867  10.832885283133   0.000000000000   1.910129954336   0.877060314179  -1.258435948527  -2.894915264827   0.010003518475  13.749999999998   0.876963749338   8.553392365865   8.553392365865   8.553392365865
    3   14 -392.511647069185   0.073333333333 -69.242710844691  -4.998331006284  -9.962735664352  -0.866883660778  10.832885283135   0.000000000000   1.910129954336   0.846121405059  -1.382716357034  -2.479385300106   0.013382698493  13.750000000000   0.845973388700  15.190279393490  15.190279393490  15.190279393490
    4   14 -392.504091513629   0.100000000000 -69.243710844691  -4.998331006284  -9.962735664352  -0.866883660778  10.832885283135   0.000000000000   1.910129954336   0.807012769037  -1.563783689625  -4.285593104231   0.013382698493  13.750000000000   0.806756923951  15.190279393490  15.190279393490  15.190279393490
    5   14 -392.496535958074   0.126666666667 -69.244710844691  -4.998331006284  -9.962735664352  -0.866883660778  10.832885283135   0.000000000000   1.910129954336   0.762001224782  -1.806064053724  -4.766406543996   0.013382698493  13.750000000000   0.761716675477  15.190279393490  15.190279393490  15.190279393490
    6   14 -392.489174846897   0.150000000000 -69.246210844691  -9.268054949402  -9.872041437434  -1.602580558045  10.832885283133   0.000000000000   1.910129954336   0.716970969544  -2.016991330738  -4.114829589105   0.010128306879  13.749999999998   0.716830265829  18.328699138510  18.328699138510  18.328699138510
    7   14 -392.482008180230   0.170000000000 -69.248210844691  -9.268054949402  -9.872041437434  -1.602580558045  10.832885283133   0.000000000000   1.910129954336   0.674183211313  -2.231464305325  -6.472970382955   0.010128306879  13.749999999998   0.673961872681  18.328699138510  18.328699138510  18.328699138510
    8   14 -392.474841513563   0.190000000000 -69.250210844691  -9.268054949402  -9.872041437434  -1.602580558045  10.832885283133   0.000000000000   1.910129954336   0.626158368606  -2.526657551331  -8.099714347261   0.010128306879  13.749999999998   0.625881404601  18.328699138510  18.328699138510  18.328699138510
    9   14 -392.467674846897   0.210000000000 -69.252210844691  -9.268054949402  -9.872041437434  -1.602580558045  10.832885283133   0.000000000000   1.910129954336   0.571439877323  -2.896943655445 -10.180048920544   0.010128306879  13.749999999998   0.571091777814  18.328699138510  18.328699138510  18.328699138510
   10   14 -392.459091513563   0.230000000000 -69.256085844691 -20.589366339294  -9.372958309296  -3.501030574821  10.832885283133   0.000000000000   1.910129954336   0.507436624793  -3.202707217634  -4.668285086427   0.010662399716  13.749999999998   0.507259716429  22.538011668534  22.538011668534  22.538011668534
   11   14 -392.449091513563   0.250000000000 -69.261835844691 -20.589366339294  -9.372958309296  -3.501030574821  10.832885283133   0.000000000000   1.910129954336   0.435299443560  -3.723912155512 -19.772973530155   0.010662399716  13.749999999998   0.434550134154  22.538011668534  22.538011668534  22.538011668534
   12   14 -392.439091513827   0.270000000000 -69.267585844691 -20.589366339291  -9.372958309290  -3.501030574818  10.832885283140   0.000000000000   1.910129954336   0.346194073792  -4.698896997302 -25.947730426432   0.010662399716  13.750000000007   0.345210768527  22.538011668536  22.538011668536  22.538011668536
   13   14 -392.429091513563   0.290000000000 -69.273335844691 -20.589366339294  -9.372958309296  -3.501030574821  10.832885283133   0.000000000000   1.910129954336   0.191856309028 -13.746560341934 -398.331211715112   0.010662399716  13.749999999998   0.176761312748  22.538011668534  22.538011668534  22.538011668534
   14   14 -391.843966513563   0.025000000000 -69.242210844691  -0.589308740512  -9.999481735229  -0.102330639012  10.832885283133   0.000000000000   1.910129954336   0.301919404827  -0.297728025481  -5.954255045410   0.025001282546  13.749999999998   0.300678807245   3.287695504213   3.287695504213   3.287695504213
   15   14 -391.841049846897   0.075000000000 -69.242210844674  -0.589308740512  -9.999481735227  -0.102330639012  10.832885283133   0.000000000000   1.910129954336   0.275317568694  -0.639397590990  -0.878785717218   0.025001282546  13.749999999998   0.275134467244   3.287695504213   3.287695504213   3.287695504213
   16   14 -391.838133180230   0.125000000000 -69.242210844691  -0.589308740512  -9.999481735229  -0.102330639012  10.832885283133   0.000000000000   1.910129954336   0.240378404439  -0.788913899267  -2.111387046980   0.025001282546  13.749999999998   0.239938483408   3.287695504213   3.287695504213   3.287695504213
   17   14 -391.835216513695   0.175000000000 -69.242210844691  -0.589308740512  -9.999481735226  -0.102330639012  10.832885283136   0.000000000000   1.910129954336   0.153319412670  -4.386470822664 -69.836060384770   0.025001282546  13.750000000003   0.138768738701   3.287695504213   3.287695504213   3.287695504213

    0   15 -419.605276943688   0.010000000000 -74.017535730532  -1.543108875400  -9.996446627832  -0.267926627867  10.832885283135   0.000000000000   1.910129954336   0.918431027522  -0.487320670318 -24.357463403774   0.010003518475  13.750000000000   0.917618540532   8.553392365865   8.553392365865   8.553392365865
    1   15 -419.602221388203   0.030000000000 -74.017535730532  -1.543108875400  -9.996446627830  -0.267926627867  10.832885283136   0.000000000000   1.910129954336   0.900803914359  -1.087579306247  -5.644912132418   0.010003518475  13.750000000003   0.900615618097   8.553392365865   8.553392365865   8.553392365865
    2   15 -419.599165832506   0.050000000000 -74.017535730514  -1.543108875400  -9.996446627831  -0.267926627867  10.832885283133   0.000000000000   1.910129954336   0.877060314179  -1.258435948527  -2.894915264827   0.010003518475  13.749999999998   0.876963749016   8.553392365865   8.553392365865   8.553392365865
    3   15 -419.593860277021   0.073333333333 -74.018035730532  -4.998331006284  -9.962735664352  -0.866883660778  10.832885283135   0.000000000000   1.910129954336   0.846121405059  -1.382716357034  -2.479385300106   0.013382698493  13.750000000000   0.845973388513  15.190279393490  15.190279393490  15.190279393490
    4   15 -419.586304721466   0.100000000000 -74.019035730532  -4.998331006284  -9.962735664352  -0.866883660778  10.832885283135   0.000000000000   1.910129954336   0.807012769037  -1.563783689625  -4.285593104231   0.013382698493  13.750000000000   0.806756923965  15.190279393490  15.190279393490  15.190279393490
    5   15 -419.578749165910   0.126666666667 -74.020035730532  -4.998331006284  -9.962735664352  -0.866883660778  10.832885283135   0.000000000000   1.910129954336   0.762001224782  -1.806064053724  -4.766406543996   0.013382698493  13.750000000000   0.761716675743  15.190279393490  15.190279393490  15.190279393490
    6   15 -419.571388054729   0.150000000000 -74.021535730532  -9.268054949402  -9.872041437434  -1.602580558045  10.832885283133   0.000000000000   1.910129954336   0.716970969544  -2.016991330738  -4.114829589105   0.010128306879  13.749999999998   0.716830266349  18.328699138510  18.328699138510  18.328699138510
    7   15 -419.564221388062   0.170000000000 -74.023535730532  -9.268054949402  -9.872041437434  -1.602580558045  10.832885283133   0.000000000000   1.910129954336   0.674183211313  -2.231464305325  -6.472970382955   0.010128306879  13.749999999998   0.673961873430  18.328699138510  18.328699138510  18.328699138510
    8   15 -419.557054721395   0.190000000000 -74.025535730532  -9.268054949402  -9.872041437434  -1.602580558045  10.832885283133   0.000000000000   1.910129954336   0.626158368606  -2.526657551331  -8.099714347261   0.010128306879  13.749999999998   0.625881405562  18.328699138510  18.328699138510  18.328699138510
    9   15 -419.549888054729   0.210000000000 -74.027535730532  -9.268054949402  -9.872041437434  -1.602580558045  10.832885283133   0.000000000000   1.910129954336   0.571439877323  -2.896943655445 -10.180048920544   0.010128306879  13.749999999998   0.571091778941  18.328699138510  18.328699138510  18.328699138510
   10   15 -419.541304721395   0.230000000000 -74.031410730532 -20.589366339294  -9.372958309296  -3.501030574821  10.832885283133   0.000000000000   1.910129954336   0.507436624793  -3.202707217634  -4.668285086427   0.010662399716  13.749999999998   0.507259717651  22.538011668534  22.538011668534  22.538011668534
   11   15 -419.531304721395   0.250000000000 -74.037160730532 -20.589366339294  -9.372958309296  -3.501030574821  10.832885283133   0.000000000000   1.910129954336   0.435299443560  -3.723912155512 -19.772973530155   0.010662399716  13.749999999998   0.434550135346  22.538011668534  22.538011668534  22.538011668534
   12   15 -419.521304721677   0.270000000000 -74.042910730532 -20.589366339291  -9.372958309290  -3.501030574818  10.832885283140   0.000000000000   1.910129954336   0.346194073792  -4.698896997302 -25.947730426432   0.010662399716  13.750000000007   0.345210769445  22.538011668536  22.538011668536  22.538011668536
   13   15 -419.511304721395   0.290000000000 -74.048660730532 -20.589366339294  -9.372958309296  -3.501030574821  10.832885283133   0.000000000000   1.910129954336   0.191856309028 -13.746560341934 -398.331211715112   0.010662399716  13.749999999998   0.176761313088  22.538011668534  22.538011668534  22.538011668534
   14   15 -418.926179721395   0.025000000000 -74.017535730532  -0.589308740512  -9.999481735229  -0.102330639012  10.832885283133   0.000000000000   1.910129954336   0.301919404827  -0.297728025481  -5.954255045410   0.025001282546  13.749999999998   0.300678807923   3.287695504213   3.287695504213   3.287695504213
   15   15 -418.923263054729   0.075000000000 -74.017535730514  -0.589308740512  -9.999481735227  -0.102330639012  10.832885283133   0.000000000000   1.910129954336   0.275317568694  -0.639397590990  -0.878785717218   0.025001282546  13.749999999998   0.275134470248   3.287695504213   3.287695504213   3.287695504213
   16   15 -418.920346388062   0.125000000000 -74.017535730532  -0.589308740512  -9.999481735229  -0.102330639012  10.832885283133   0.000000000000   1.910129954336   0.240378404439  -0.788913899267  -2.111387046980   0.025001282546  13.749999999998   0.239938488058   3.287695504213   3.287695504213   3.287695504213
   17   15 -418.917429721536   0.175000000000 -74.017535730532  -0.589308740512  -9.999481735226  -0.102330639012  10.832885283136   0.000000000000   1.910129954336   0.153319412670  -4.386470822664 -69.836060384770   0.025001282546  13.750000000003   0.138768741122   3.287695504213   3.287695504213   3.287695504213

    0   16 -446.687490151525   0.010000000000 -78.792860616372  -1.543108875400  -9.996446627832  -0.267926627867  10.832885283135   0.000000000000   1.910129954336   0.918431027522  -0.487320670318 -24.357463403774   0.010003518475  13.750000000000   0.917618540638   8.553392365865   8.553392365865   8.553392365865
    1   16 -446.684434596044   0.030000000000 -78.792860616372  -1.543108875400  -9.996446627830  -0.267926627867  10.832885283136   0.000000000000   1.910129954336   0.900803914359  -1.087579306247  -5.644912132418   0.010003518475  13.750000000003   0.900615618189   8.553392365865   8.553392365865   8.553392365865
    2   16 -446.681379040338   0.050000000000 -78.792860616354  -1.543108875400  -9.996446627831  -0.267926627867  10.832885283133   0.000000000000   1.910129954336   0.877060314179  -1.258435948527  -2.894915264827   0.010003518475  13.749999999998   0.876963749084   8.553392365865   8.553392365865   8.553392365865
    3   16 -446.676073484858   0.073333333333 -78.793360616372  -4.998331006284  -9.962735664352  -0.866883660778  10.832885283135   0.000000000000   1.910129954336   0.846121405059  -1.382716357034  -2.479385300106   0.013382698493  13.750000000000   0.845973388544  15.190279393490  15.190279393490  15.190279393490
    4   16 -446.668517929302   0.100000000000 -78.794360616372  -4.998331006284  -9.962735664352  -0.866883660778  10.832885283135   0.000000000000   1.910129954336   0.807012769037  -1.563783689625  -4.285593104231   0.013382698493  13.750000000000   0.806756923942  15.190279393490  15.190279393490  15.190279393490
    5   16 -446.660962373747   0.126666666667 -78.795360616372  -4.998331006284  -9.962735664352  -0.866883660778  10.832885283135   0.000000000000   1.910129954336   0.762001224782  -1.806064053724  -4.766406543996   0.013382698493  13.750000000000   0.761716675652  15.190279393490  15.190279393490  15.190279393490
    6   16 -446.653601262561   0.150000000000 -78.796860616372  -9.268054949402  -9.872041437434  -1.602580558045  10.832885283133   0.000000000000   1.910129954336   0.716970969544  -2.016991330738  -4.114829589105   0.010128306879  13.749999999998   0.716830266191  18.328699138510  18.328699138510  18.328699138510
    7   16 -446.646434595894   0.170000000000 -78.798860616372  -9.268054949402  -9.872041437434  -1.602580558045  10.832885283133   0.000000000000   1.910129954336   0.674183211313  -2.231464305325  -6.472970382955   0.010128306879  13.749999999998   0.673961873212  18.328699138510  18.328699138510  18.328699138510
    8   16 -446.639267929227   0.190000000000 -78.800860616372  -9.268054949402  -9.872041437434  -1.602580558045  10.832885283133   0.000000000000   1.910129954336   0.626158368606  -2.526657551331  -8.099714347261   0.010128306879  13.749999999998   0.625881405290  18.328699138510  18.328699138510  18.328699138510
    9   16 -446.632101262561   0.210000000000 -78.802860616372  -9.268054949402  -9.872041437434  -1.602580558045  10.832885283133   0.000000000000   1.910129954336   0.571439877323  -2.896943655445 -10.180048920544   0.010128306879  13.749999999998   0.571091778627  18.328699138510  18.328699138510  18.328699138510
   10   16 -446.623517929227   0.230000000000 -78.806735616372 -20.589366339294  -9.372958309296  -3.501030574821  10.832885283133   0.000000000000   1.910129954336   0.507436624793  -3.202707217634  -4.668285086427   0.010662399716  13.749999999998   0.507259717315  22.538011668534  22.538011668534  22.538011668534
   11   16 -446.613517929227   0.250000000000 -78.812485616372 -20.589366339294  -9.372958309296  -3.501030574821  10.832885283133   0.000000000000   1.910129954336   0.435299443560  -3.723912155512 -19.772973530155   0.010662399716  13.749999999998   0.434550135024  22.538011668534  22.538011668534  22.538011668534
   12   16 -446.603517929527   0.270000000000 -78.818235616372 -20.589366339291  -9.372958309290  -3.501030574818  10.832885283140   0.000000000000   1.910129954336   0.346194073792  -4.698896997302 -25.947730426432   0.010662399716  13.750000000007   0.345210769209  22.538011668536  22.538011668536  22.538011668536
   13   16 -446.593517929227   0.290000000000 -78.823985616372 -20.589366339294  -9.372958309296  -3.501030574821  10.832885283133   0.000000000000   1.910129954336   0.191856309028 -13.746560341934 -398.331211715112   0.010662399716  13.749999999998   0.176761313012  22.538011668534  22.538011668534  22.538011668534
   14   16 -446.008392929227   0.025000000000 -78.792860616372  -0.589308740512  -9.999481735229  -0.102330639012  10.832885283133   0.000000000000   1.910129954336   0.301919404827  -0.297728025481  -5.954255045410   0.025001282546  13.749999999998   0.300678807691   3.287695504213   3.287695504213   3.287695504213
   15   16 -446.005476262561   0.075000000000 -78.792860616354  -0.589308740512  -9.999481735227  -0.102330639012  10.832885283133   0.000000000000   1.910129954336   0.275317568694  -0.639397590990  -0.878785717218   0.025001282546  13.749999999998   0.275134469360   3.287695504213   3.287695504213   3.287695504213
   16   16 -446.002559595894   0.125000000000 -78.792860616372  -0.589308740512  -9.999481735229  -0.102330639012  10.832885283133   0.000000000000   1.910129954336   0.240378404439  -0.788913899267  -2.111387046980   0.025001282546  13.749999999998   0.239938486729   3.287695504213   3.287695504213   3.287695504213
   17   16 -445.999642929377   0.175000000000 -78.792860616372  -0.589308740512  -9.999481735226  -0.102330639012  10.832885283136   0.000000000000   1.910129954336   0.153319412670  -4.386470822664 -69.836060384770   0.025001282546  13.750000000003   0.138768740450   3.287695504213   3.287695504213   3.287695504213

    0   17 -473.769703359361   0.010000000000 -83.568185502213  -1.543108875400  -9.996446627832  -0.267926627867  10.832885283135   0.000000000000   1.910129954336   0.918431027522  -0.487320670318 -24.357463403774   0.010003518475  13.750000000000   0.917618540621   8.553392365865   8.553392365865   8.553392365865
    1   17 -473.766647803885   0.030000000000 -83.568185502213  -1.543108875400  -9.996446627830  -0.267926627867  10.832885283136   0.000000000000   1.910129954336   0.900803914359  -1.087579306247  -5.644912132418   0.010003518475  13.750000000003   0.900615618176   8.553392365865   8.553392365865   8.553392365865
    2   17 -473.763592248170   0.050000000000 -83.568185502193  -1.543108875400  -9.996446627831  -0.267926627867  10.832885283133   0.000000000000   1.910129954336   0.877060314179  -1.258435948527  -2.894915264827   0.010003518475  13.749999999998   0.876963749077   8.553392365865   8.553392365865   8.553392365865
    3   17 -473.758286692694   0.073333333333 -83.568685502213  -4.998331006284  -9.962735664352  -0.866883660778  10.832885283135   0.000000000000   1.910129954336   0.846121405059  -1.382716357034  -2.479385300106   0.013382698493  13.750000000000   0.845973388545  15.190279393490  15.190279393490  15.190279393490
    4   17 -473.750731137139   0.100000000000 -83.569685502213  -4.998331006284  -9.962735664352  -0.866883660778  10.832885283135   0.000000000000   1.910129954336   0.807012769037  -1.563783689625  -4.285593104231   0.013382698493  13.750000000000   0.806756923957  15.190279393490  15.190279393490  15.190279393490
    5   17 -473.743175581583   0.126666666667 -83.570685502213  -4.998331006284  -9.962735664352  -0.866883660778  10.832885283135   0.000000000000   1.910129954336   0.762001224782  -1.806064053724  -4.766406543996   0.013382698493  13.750000000000   0.761716675686  15.190279393490  15.190279393490  15.190279393490
    6   17 -473.735814470393   0.150000000000 -83.572185502213  -9.268054949402  -9.872041437434  -1.602580558045  10.832885283133   0.000000000000   1.910129954336   0.716970969544  -2.016991330738  -4.114829589105   0.010128306879  13.749999999998   0.716830266243  18.328699138510  18.328699138510  18.328699138510
    7   17 -473.728647803726   0.170000000000 -83.574185502213  -9.268054949402  -9.872041437434  -1.602580558045  10.832885283133   0.000000000000   1.910129954336   0.674183211313  -2.231464305325  -6.472970382955   0.010128306879  13.749999999998   0.673961873279  18.328699138510  18.328699138510  18.328699138510
    8   17 -473.721481137059   0.190000000000 -83.576185502213  -9.268054949402  -9.872041437434  -1.602580558045  10.832885283133   0.000000000000   1.910129954336   0.626158368606  -2.526657551331  -8.099714347261   0.010128306879  13.749999999998   0.625881405368  18.328699138510  18.328699138510  18.328699138510
    9   17 -473.714314470393   0.210000000000 -83.578185502213  -9.268054949402  -9.872041437434  -1.602580558045  10.832885283133   0.000000000000   1.910129954336   0.571439877323  -2.896943655445 -10.180048920544   0.010128306879  13.749999999998   0.571091778713  18.328699138510  18.328699138510  18.328699138510
   10   17 -473.705731137059   0.230000000000 -83.582060502213 -20.589366339294  -9.372958309296  -3.501030574821  10.832885283133   0.000000000000   1.910129954336   0.507436624793  -3.202707217634  -4.668285086427   0.010662399716  13.749999999998   0.507259717404  22.538011668534  22.538011668534  22.538011668534
   11   17 -473.695731137059   0.250000000000 -83.587810502213 -20.589366339294  -9.372958309296  -3.501030574821  10.832885283133   0.000000000000   1.910129954336   0.435299443560  -3.723912155512 -19.772973530155   0.010662399716  13.749999999998   0.434550135106  22.538011668534  22.538011668534  22.538011668534
   12   17 -473.685731137378   0.270000000000 -83.593560502213 -20.589366339291  -9.372958309290  -3.501030574818  10.832885283140   0.000000000000   1.910129954336   0.346194073792  -4.698896997302 -25.947730426432   0.010662399716  13.750000000007   0.345210769270  22.538011668536  22.538011668536  22.538011668536
   13   17 -473.675731137059   0.290000000000 -83.599310502213 -20.589366339294  -9.372958309296  -3.501030574821  10.832885283133   0.000000000000   1.910129954336   0.191856309028 -13.746560341934 -398.331211715112   0.010662399716  13.749999999998   0.176761313039  22.538011668534  22.538011668534  22.538011668534
   14   17 -473.090606137059   0.025000000000 -83.568185502213  -0.589308740512  -9.999481735229  -0.102330639012  10.832885283133   0.000000000000   1.910129954336   0.301919404827  -0.297728025481  -5.954255045410   0.025001282546  13.749999999998   0.300678807767   3.287695504213   3.287695504213   3.287695504213
   15   17 -473.087689470393   0.075000000000 -83.568185502193  -0.589308740512  -9.999481735227  -0.102330639012  10.832885283133   0.000000000000   1.910129954336   0.275317568694  -0.639397590990  -0.878785717218   0.025001282546  13.749999999998   0.275134469617   3.287695504213   3.287695504213   3.287695504213
   16   17 -473.084772803726   0.125000000000 -83.568185502213  -0.589308740512  -9.999481735229  -0.102330639012  10.832885283133   0.000000000000   1.910129954336   0.240378404439  -0.788913899267  -2.111387046980   0.025001282546  13.749999999998   0.239938487099   3.287695504213   3.287695504213   3.287695504213
   17   17 -473.081856137218   0.175000000000 -83.568185502213  -0.589308740512  -9.999481735226  -0.102330639012  10.832885283136   0.000000000000   1.910129954336   0.153319412670  -4.386470822664 -69.836060384770   0.025001282546  13.750000000003   0.138768740631   3.287695504213   3.287695504213   3.287695504213

    0   18 -500.851916567198   0.010000000000 -88.343510388054  -1.543108875400  -9.996446627832  -0.267926627867  10.832885283135   0.000000000000   1.910129954336   0.918431027522  -0.487320670318 -24.357463403774   0.010003518475  13.750000000000   0.917618540624   8.553392365865   8.553392365865   8.553392365865
    1   18 -500.848861011726   0.030000000000 -88.343510388054  -1.543108875400  -9.996446627830  -0.267926627867  10.832885283136   0.000000000000   1.910129954336   0.900803914359  -1.087579306247  -5.644912132418   0.010003518475  13.750000000003   0.900615618179   8.553392365865   8.553392365865   8.553392365865
    2   18 -500.845805456002   0.050000000000 -88.343510388033  -1.543108875400  -9.996446627831  -0.267926627867  10.832885283133   0.000000000000   1.910129954336   0.877060314179  -1.258435948527  -2.894915264827   0.010003518475  13.749999999998   0.876963749079   8.553392365865   8.553392365865   8.553392365865
    3   18 -500.840499900531   0.073333333333 -88.344010388054  -4.998331006284  -9.962735664352  -0.866883660778  10.832885283135   0.000000000000   1.910129954336   0.846121405059  -1.382716357034  -2.479385300106   0.013382698493  13.750000000000   0.845973388545  15.190279393490  15.190279393490  15.190279393490
    4   18 -500.832944344975   0.100000000000 -88.345010388054  -4.998331006284  -9.962735664352  -0.866883660778  10.832885283135   0.000000000000   1.910129954336   0.807012769037  -1.563783689625  -4.285593104231   0.013382698493  13.750000000000   0.806756923953  15.190279393490  15.190279393490  15.190279393490
    5   18 -500.825388789420   0.126666666667 -88.346010388054  -4.998331006284  -9.962735664352  -0.866883660778  10.832885283135   0.000000000000   1.910129954336   0.762001224782  -1.806064053724  -4.766406543996   0.013382698493  13.750000000000   0.761716675677  15.190279393490  15.190279393490  15.190279393490
    6   18 -500.818027678224   0.150000000000 -88.347510388054  -9.268054949402  -9.872041437434  -1.602580558045  10.832885283133   0.000000000000   1.910129954336   0.716970969544  -2.016991330738  -4.114829589105   0.010128306879  13.749999999998   0.716830266230  18.328699138510  18.328699138510  18.328699138510
    7   18 -500.810861011558   0.170000000000 -88.349510388054  -9.268054949402  -9.872041437434  -1.602580558045  10.832885283133   0.000000000000   1.910129954336   0.674183211313  -2.231464305325  -6.472970382955   0.010128306879  13.749999999998   0.673961873262  18.328699138510  18.328699138510  18.328699138510
    8   18 -500.803694344891   0.190000000000 -88.351510388054  -9.268054949402  -9.872041437434  -1.602580558045  10.832885283133   0.000000000000   1.910129954336   0.626158368606  -2.526657551331  -8.099714347261   0.010128306879  13.749999999998   0.625881405347  18.328699138510  18.328699138510  18.328699138510
    9   18 -500.796527678224   0.210000000000 -88.353510388054  -9.268054949402  -9.872041437434  -1.602580558045  10.832885283133   0.000000000000   1.910129954336   0.571439877323  -2.896943655445 -10.180048920544   0.010128306879  13.749999999998   0.571091778689  18.328699138510  18.328699138510  18.328699138510
   10   18 -500.787944344891   0.230000000000 -88.357385388054 -20.589366339294  -9.372958309296  -3.501030574821  10.832885283133   0.000000000000   1.910129954336   0.507436624793  -3.202707217634  -4.668285086427   0.010662399716  13.749999999998   0.507259717377  22.538011668534  22.538011668534  22.538011668534
   11   18 -500.777944344891   0.250000000000 -88.363135388054 -20.589366339294  -9.372958309296  -3.501030574821  10.832885283133   0.000000000000   1.910129954336   0.435299443560  -3.723912155512 -19.772973530155   0.010662399716  13.749999999998   0.434550135080  22.538011668534  22.538011668534  22.538011668534
   12   18 -500.767944345228   0.270000000000 -88.368885388054 -20.589366339291  -9.372958309290  -3.501030574818  10.832885283140   0.000000000000   1.910129954336   0.346194073792  -4.698896997302 -25.947730426432   0.010662399716  13.750000000007   0.345210769255  22.538011668536  22.538011668536  22.538011668536
   13   18 -500.757944344891   0.290000000000 -88.374635388054 -20.589366339294  -9.372958309296  -3.501030574821  10.832885283133   0.000000000000   1.910129954336   0.191856309028 -13.746560341934 -398.331211715112   0.010662399716  13.749999999998   0.176761313039  22.538011668534  22.538011668534  22.538011668534
   14   18 -500.172819344891   0.025000000000 -88.343510388054  -0.589308740512  -9.999481735229  -0.102330639012  10.832885283133   0.000000000000   1.910129954336   0.301919404827  -0.297728025481  -5.954255045410   0.025001282546  13.749999999998   0.300678807741   3.287695504213   3.287695504213   3.287695504213
   15   18 -500.169902678225   0.075000000000 -88.343510388033  -0.589308740512  -9.999481735227  -0.102330639012  10.832885283133   0.000000000000   1.910129954336   0.275317568694  -0.639397590990  -0.878785717218   0.025001282546  13.749999999998   0.275134469539   3.287695504213   3.287695504213   3.287695504213
   16   18 -500.166986011558   0.125000000000 -88.343510388054  -0.589308740512  -9.999481735229  -0.102330639012  10.832885283133   0.000000000000   1.910129954336   0.240378404439  -0.788913899267  -2.111387046980   0.025001282546  13.749999999998   0.239938486990   3.287695504213   3.287695504213   3.287695504213
   17   18 -500.164069345059   0.175000000000 -88.343510388054  -0.589308740512  -9.999481735226  -0.102330639012  10.832885283136   0.000000000000   1.910129954336   0.153319412670  -4.386470822664 -69.836060384770   0.025001282546  13.750000000003   0.138768740580   3.287695504213   3.287695504213   3.287695504213

    0   19 -527.934129775034   0.010000000000 -93.118835273895  -1.543108875400  -9.996446627832  -0.267926627867  10.832885283135   0.000000000000   1.910129954336   0.918431027522  -0.487320670318 -24.357463403774   0.010003518475  13.750000000000   0.917618540628   8.553392365865   8.553392365865   8.553392365865
    1   19 -527.931074219567   0.030000000000 -93.118835273895  -1.543108875400  -9.996446627830  -0.267926627867  10.832885283136   0.000000000000   1.910129954336   0.900803914359  -1.087579306247  -5.644912132418   0.010003518475  13.750000000003   0.900615618182   8.553392365865   8.553392365865   8.553392365865
    2   19 -527.928018663834   0.050000000000 -93.118835273872  -1.543108875400  -9.996446627831  -0.267926627867  10.832885283133   0.000000000000   1.910129954336   0.877060314179  -1.258435948527  -2.894915264827   0.010003518475  13.749999999998   0.876963749082   8.553392365865   8.553392365865   8.553392365865
    3   19 -527.922713108367   0.073333333333 -93.119335273895  -4.998331006284  -9.962735664352  -0.866883660778  10.832885283135   0.000000000000   1.910129954336   0.846121405059  -1.382716357034  -2.479385300106   0.013382698493  13.750000000000   0.845973388549  15.190279393490  15.190279393490  15.190279393490
    4   19 -527.915157552812   0.100000000000 -93.120335273895  -4.998331006284  -9.962735664352  -0.866883660778  10.832885283135   0.000000000000   1.910129954336   0.807012769037  -1.563783689625  -4.285593104231   0.013382698493  13.750000000000   0.806756923957  15.190279393490  15.190279393490  15.190279393490
    5   19 -527.907601997256   0.126666666667 -93.121335273895  -4.998331006284  -9.962735664352  -0.866883660778  10.832885283135   0.000000000000   1.910129954336   0.762001224782  -1.806064053724  -4.766406543996   0.013382698493  13.750000000000   0.761716675682  15.190279393490  15.190279393490  15.190279393490
    6   19 -527.900240886057   0.150000000000 -93.122835273895  -9.268054949402  -9.872041437434  -1.602580558045  10.832885283133   0.000000000000   1.910129954336   0.716970969544  -2.016991330738  -4.114829589105   0.010128306879  13.749999999998   0.716830266236  18.328699138510  18.328699138510  18.328699138510
    7   19 -527.893074219390   0.170000000000 -93.124835273895  -9.268054949402  -9.872041437434  -1.602580558045  10.832885283133   0.000000000000   1.910129954336   0.674183211313  -2.231464305325  -6.472970382955   0.010128306879  13.749999999998   0.673961873268  18.328699138510  18.328699138510  18.328699138510
    8   19 -527.885907552723   0.190000000000 -93.126835273895  -9.268054949402  -9.872041437434  -1.602580558045  10.832885283133   0.000000000000   1.910129954336   0.626158368606  -2.526657551331  -8.099714347261   0.010128306879  13.749999999998   0.625881405354  18.328699138510  18.328699138510  18.328699138510
    9   19 -527.878740886056   0.210000000000 -93.128835273895  -9.268054949402  -9.872041437434  -1.602580558045  10.832885283133   0.000000000000   1.910129954336   0.571439877323  -2.896943655445 -10.180048920544   0.010128306879  13.749999999998   0.571091778695  18.328699138510  18.328699138510  18.328699138510
   10   19 -527.870157552723   0.230000000000 -93.132710273895 -20.589366339294  -9.372958309296  -3.501030574821  10.832885283133   0.000000000000   1.910129954336   0.507436624793  -3.202707217634  -4.668285086427   0.010662399716  13.749999999998   0.507259717383  22.538011668534  22.538011668534  22.538011668534
   11   19 -527.860157552723   0.250000000000 -93.138460273895 -20.589366339294  -9.372958309296  -3.501030574821  10.832885283133   0.000000000000   1.910129954336   0.435299443560  -3.723912155512 -19.772973530155   0.010662399716  13.749999999998   0.434550135083  22.538011668534  22.538011668534  22.538011668534
   12   19 -527.850157553078   0.270000000000 -93.144210273895 -20.589366339291  -9.372958309290  -3.501030574818  10.832885283140   0.000000000000   1.910129954336   0.346194073792  -4.698896997302 -25.947730426432   0.010662399716  13.750000000007   0.345210769260  22.538011668536  22.538011668536  22.538011668536
   13   19 -527.840157552723   0.290000000000 -93.149960273895 -20.589366339294  -9.372958309296  -3.501030574821  10.832885283133   0.000000000000   1.910129954336   0.191856309028 -13.746560341934 -398.331211715112   0.010662399716  13.749999999998   0.176761313046  22.538011668534  22.538011668534  22.538011668534
   14   19 -527.255032552723   0.025000000000 -93.118835273895  -0.589308740512  -9.999481735229  -0.102330639012  10.832885283133   0.000000000000   1.910129954336   0.301919404827  -0.297728025481  -5.954255045410   0.025001282546  13.749999999998   0.300678807749   3.287695504213   3.287695504213   3.287695504213
   15   19 -527.252115886056   0.075000000000 -93.118835273872  -0.589308740512  -9.999481735227  -0.102330639012  10.832885283133   0.000000000000   1.910129954336   0.275317568694  -0.639397590990  -0.878785717218   0.025001282546  13.749999999998   0.275134469559   3.287695504213   3.287695504213   3.287695504213
   16   19 -527.249199219390   0.125000000000 -93.118835273895  -0.589308740512  -9.999481735229  -0.102330639012  10.832885283133   0.000000000000   1.910129954336   0.240378404439  -0.788913899267  -2.111387046980   0.025001282546  13.749999999998   0.239938487015   3.287695504213   3.287695504213   3.287695504213
   17   19 -527.246282552900   0.175000000000 -93.118835273895  -0.589308740512  -9.999481735226  -0.102330639012  10.832885283136   0.000000000000   1.910129954336   0.153319412670  -4.386470822664 -69.836060384770   0.025001282546  13.750000000003   0.138768740590   3.287695504213   3.287695504213   3.287695504213

    0   20 -555.016342982871   0.010000000000 -97.894160159735  -1.543108875400  -9.996446627832  -0.267926627867  10.832885283135   0.000000000000   1.910129954336   0.918431027522  -0.487320670318 -24.357463403774   0.010003518475  13.750000000000   0.917618540634   8.553392365865   8.553392365865   8.553392365865
    1   20 -555.013287427408   0.030000000000 -97.894160159735  -1.543108875400  -9.996446627830  -0.267926627867  10.832885283136   0.000000000000   1.910129954336   0.900803914359  -1.087579306247  -5.644912132418   0.010003518475  13.750000000003   0.900615618188   8.553392365865   8.553392365865   8.553392365865
    2   20 -555.010231871666   0.050000000000 -97.894160159712  -1.543108875400  -9.996446627831  -0.267926627867  10.832885283133   0.000000000000   1.910129954336   0.877060314179  -1.258435948527  -2.894915264827   0.010003518475  13.749999999998   0.876963749087   8.553392365865   8.553392365865   8.553392365865
    3   20 -555.004926316204   0.073333333333 -97.894660159735  -4.998331006284  -9.962735664352  -0.866883660778  10.832885283135   0.000000000000   1.910129954336   0.846121405059  -1.382716357034  -2.479385300106   0.013382698493  13.750000000000   0.845973388551  15.190279393490  15.190279393490  15.190279393490
    4   20 -554.997370760648   0.100000000000 -97.895660159735  -4.998331006284  -9.962735664352  -0.866883660778  10.832885283135   0.000000000000   1.910129954336   0.807012769037  -1.563783689625  -4.285593104231   0.013382698493  13.750000000000   0.806756923958  15.190279393490  15.190279393490  15.190279393490
    5   20 -554.989815205093   0.126666666667 -97.896660159735  -4.998331006284  -9.962735664352  -0.866883660778  10.832885283135   0.000000000000   1.910129954336   0.762001224782  -1.806064053724  -4.766406543996   0.013382698493  13.750000000000   0.761716675683  15.190279393490  15.190279393490  15.190279393490
    6   20 -554.982454093888   0.150000000000 -97.898160159735  -9.268054949402  -9.872041437434  -1.602580558045  10.832885283133   0.000000000000   1.910129954336   0.716970969544  -2.016991330738  -4.114829589105   0.010128306879  13.749999999998   0.716830266238  18.328699138510  18.328699138510  18.328699138510
    7   20 -554.975287427222   0.170000000000 -97.900160159735  -9.268054949402  -9.872041437434  -1.602580558045  10.832885283133   0.000000000000   1.910129954336   0.674183211313  -2.231464305325  -6.472970382955   0.010128306879  13.749999999998   0.673961873269  18.328699138510  18.328699138510  18.328699138510
    8   20 -554.968120760555   0.190000000000 -97.902160159735  -9.268054949402  -9.872041437434  -1.602580558045  10.832885283133   0.000000000000   1.910129954336   0.626158368606  -2.526657551331  -8.099714347261   0.010128306879  13.749999999998   0.625881405353  18.328699138510  18.328699138510  18.328699138510
    9   20 -554.960954093888   0.210000000000 -97.904160159735  -9.268054949402  -9.872041437434  -1.602580558045  10.832885283133   0.000000000000   1.910129954336   0.571439877323  -2.896943655445 -10.180048920544   0.010128306879  13.749999999998   0.571091778693  18.328699138510  18.328699138510  18.328699138510
   10   20 -554.952370760555   0.230000000000 -97.908035159735 -20.589366339294  -9.372958309296  -3.501030574821  10.832885283133   0.000000000000   1.910129954336   0.507436624793  -3.202707217634  -4.668285086427   0.010662399716  13.749999999998   0.507259717379  22.538011668534  22.538011668534  22.538011668534
   11   20 -554.942370760555   0.250000000000 -97.913785159735 -20.589366339294  -9.372958309296  -3.501030574821  10.832885283133   0.000000000000   1.910129954336   0.435299443560  -3.723912155512 -19.772973530155   0.010662399716  13.749999999998   0.434550135077  22.538011668534  22.538011668534  22.538011668534
   12   20 -554.932370760928   0.270000000000 -97.919535159735 -20.589366339291  -9.372958309290  -3.501030574818  10.832885283140   0.000000000000   1.910129954336   0.346194073792  -4.698896997302 -25.947730426432   0.010662399716  13.750000000007   0.345210769258  22.538011668536  22.538011668536  22.538011668536
   13   20 -554.922370760555   0.290000000000 -97.925285159735 -20.589366339294  -9.372958309296  -3.501030574821  10.832885283133   0.000000000000   1.910129954336   0.191856309028 -13.746560341934 -398.331211715112   0.010662399716  13.749999999998   0.176761313048  22.538011668534  22.538011668534  22.538011668534
   14   20 -554.337245760555   0.025000000000 -97.894160159735  -0.589308740512  -9.999481735229  -0.102330639012  10.832885283133   0.000000000000   1.910129954336   0.301919404827  -0.297728025481  -5.954255045410   0.025001282546  13.749999999998   0.300678807746   3.287695504213   3.287695504213   3.287695504213
   15   20 -554.334329093888   0.075000000000 -97.894160159712  -0.589308740512  -9.999481735227  -0.102330639012  10.832885283133   0.000000000000   1.910129954336   0.275317568694  -0.639397590990  -0.878785717218   0.025001282546  13.749999999998   0.275134469551   3.287695504213   3.287695504213   3.287695504213
   16   20 -554.331412427222   0.125000000000 -97.894160159735  -0.589308740512  -9.999481735229  -0.102330639012  10.832885283133   0.000000000000   1.910129954336   0.240378404439  -0.788913899267  -2.111387046980   0.025001282546  13.749999999998   0.239938487004   3.287695504213   3.287695504213   3.287695504213
   17   20 -554.328495760741   0.175000000000 -97.894160159735  -0.589308740512  -9.999481735226  -0.102330639012  10.832885283136   0.000000000000   1.910129954336   0.153319412670  -4.386470822664 -69.836060384770   0.025001282546  13.750000000003   0.138768740586   3.287695504213   3.287695504213   3.287695504213

